Date,Open,High,Low,Close,Volume
2018-01-01,100.0,102.63308077601845,96.54187518386563,99.15264440254292,488628.0
2018-01-02,99.22252935021612,99.63689304889428,97.53670750147053,97.94573919040737,505570.0
2018-01-03,98.19470688792155,98.8620856164259,98.09568048120492,98.7624866209359,725443.0
2018-01-04,98.84086654234821,100.91338372871314,97.18834138560634,99.2539521736216,719514.0
2018-01-05,99.87009744778541,100.98673262377646,95.64643059834283,96.72793363030893,369393.0
2018-01-08,97.09816738528788,103.94262032045835,91.9339256876134,98.69352811895367,478115.0
2018-01-09,98.61219135686252,99.57318764331937,97.57885953573056,98.5391439601344,209894.0
2018-01-10,98.45586468430875,100.20694453821034,94.91096228483465,96.62956053478524,460302.0
2018-01-11,96.75024495285359,101.18403369365515,94.31338728283538,98.69811483858713,322031.0
2018-01-12,98.48355479024823,100.1114076789288,98.16220274143072,99.78580638040191,410630.0
2018-01-15,100.09576667751605,100.82504528796598,96.87446419621364,97.58545314240052,225449.0
2018-01-16,97.68128172271344,103.77862579409957,94.78109338567276,100.78624996201688,520190.0
2018-01-17,100.85655498415838,103.31146420451583,99.56843353377305,102.00862867986828,224442.0
2018-01-18,102.20495274871593,103.66071232213676,100.54696117591249,101.9997986299607,469448.0
2018-01-19,102.49868760748701,105.21236937491246,102.4077785476227,105.11913616319622,270871.0
2018-01-22,105.16894762762082,107.13032988438876,103.48321152135179,105.44024519317976,314942.0
2018-01-23,105.4069094928842,107.33206772541266,103.47102989724819,105.39598867122287,702143.0
2018-01-24,105.83088408368441,107.80647729164887,102.20477157073807,104.14896768086534,559706.0
2018-01-25,104.43065520500522,108.25526796532456,101.49356287760864,105.293897123068,700592.0
2018-01-26,105.19971071276008,108.34399600322271,103.11829656703885,106.24196056891356,825621.0
2018-01-29,106.24348963183112,106.60696544502176,105.91879510244765,106.28215275588175,324767.0
2018-01-30,106.33878913046642,106.52403972218964,104.59606869189261,104.77860131288502,805798.0
2018-01-31,104.88531000760096,108.4101923412479,101.52518348575596,105.04495151259596,246175.0
2018-02-01,104.6463583037051,105.20648057192915,104.35951783727504,104.91889307519395,596265.0
2018-02-02,104.47123672081923,105.65585639728808,101.21507952146273,102.37594022333853,363184.0
2018-02-05,102.12667932997661,104.6262109698271,97.22500686849759,99.66427153166303,304943.0
2018-02-06,99.39687234871747,101.6585573648922,98.47672108461188,100.726100971175,565682.0
2018-02-07,100.54399222941353,100.71169071943582,95.78285440366413,95.94287864300519,645629.0
2018-02-08,96.1159760814174,97.50026841889466,94.9444930825551,96.32622288499913,638009.0
2018-02-09,96.27952485490258,97.85422336369945,93.89674202405023,95.45800416190363,482118.0
2018-02-12,95.51468053864572,102.36408238217345,91.27651318406802,98.01497234275068,466393.0
2018-02-13,97.65641507599632,98.33204965882092,96.39058543493469,97.06210831449262,546203.0
2018-02-14,96.92969473110821,101.48011670907611,93.83510651887396,98.34048737404808,499571.0
2018-02-15,98.50807857989066,101.24994511831932,94.88122504025658,97.59775366258911,549378.0
2018-02-16,97.76879952858557,98.57235680393306,97.02102863398596,97.82416247364482,480028.0
2018-02-19,97.61011407503418,99.8988782208561,97.0166287678072,99.29514763658544,619776.0
2018-02-20,99.34355818632709,100.61316100576748,97.12633954894791,98.3836751389317,230756.0
2018-02-21,99.02512870545148,100.94190471387377,98.43407701656709,100.34298711811607,419782.0
2018-02-22,100.33787146911033,101.39172882998767,97.41055272823338,98.44452409756047,254349.0
2018-02-23,98.24388320479581,100.59211430020619,96.68777626061686,99.02365635388242,494193.0
2018-02-26,98.97212093617756,102.39920207389218,97.47490419686017,100.87322605986726,853219.0
2018-02-27,100.90144419425376,106.64830895630881,96.54734585312387,102.23659614835982,365992.0
2018-02-28,102.19043946835427,106.35326606231568,102.06450132352991,106.22235903319334,465516.0
2018-03-01,106.21235560493992,109.07166609511381,101.80251468620428,104.61892902450576,598747.0
2018-03-02,104.16507932732583,106.9777278422077,99.02129587162399,101.7692526649879,193476.0
2018-03-05,101.47309894238693,103.0635176200963,98.19115936070621,99.75464417528455,359028.0
2018-03-06,99.70863557874549,101.25180523477049,99.5859494713996,101.1273734468687,511860.0
2018-03-07,101.07549204134583,104.03623940784493,99.24091400807495,102.18158515152818,138857.0
2018-03-08,101.99932558341126,103.55603822984509,100.85514806755198,102.40728443524094,299322.0
2018-03-09,102.35005507632853,104.13985246461418,98.27118074894477,100.02023655580079,687174.0
2018-03-12,100.03963545511617,102.0052204780046,99.7040748247661,101.66421057299327,660795.0
2018-03-13,101.95607173354145,103.56084520180053,97.46965290130272,99.02834437456039,513871.0
2018-03-14,98.99769686680061,102.29684318840401,98.1720081140308,101.45069524080361,629625.0
2018-03-15,101.57617782181997,110.28359934603503,99.06551014506374,107.62346043195667,482165.0
2018-03-16,107.44501689766307,112.84597120397433,103.07901863632733,108.43955996287539,552472.0
2018-03-19,108.62699085432627,109.940637300797,108.41629729911129,109.7278085929724,389936.0
2018-03-20,109.85152658909517,111.26713289677724,107.26003248544922,108.66028784506192,463390.0
2018-03-21,108.95280596897858,110.16364802938342,103.507278931022,104.67053011320844,343538.0
2018-03-22,104.89807640242343,107.1371377564354,101.19843234498458,103.40563741940885,733361.0
2018-03-23,103.59528559182814,104.09800881672176,100.60289756501193,101.09348012437749,813112.0
2018-03-26,101.06370536697523,103.28437696498146,96.06577266685217,98.22404851864796,768323.0
2018-03-27,98.29551360012665,102.68679063463182,97.28226431230158,101.63907526235417,375779.0
2018-03-28,101.96180121986322,103.96793527943736,100.1978992705449,102.19991406480278,302093.0
2018-03-29,101.99869256958186,103.31511984543452,101.67917971398391,102.9924938881957,737329.0
2018-03-30,102.79380885384724,103.84464059915099,101.30322698555857,102.34951686072674,549939.0
2018-04-02,102.40763788119507,105.91717809517101,98.49210145632485,101.9872343150284,504556.0
2018-04-03,102.1187975226696,104.81192563154771,101.37118004284466,104.05016847597506,343364.0
2018-04-04,103.787119733386,105.35968119058504,102.41846853539072,103.9883760058606,524534.0
2018-04-05,103.9640264584029,106.73291565473522,102.40246275183151,105.15348599106393,286613.0
2018-04-06,105.12266325461171,107.64282945830352,102.22146879104402,104.7322760164381,570133.0
2018-04-09,104.03200342295234,106.0553283681935,101.99591674407927,104.01898856248467,768007.0
2018-04-10,103.95167023433349,106.16613491980925,99.03503657276389,101.19068444938917,849513.0
2018-04-11,101.14480119878851,103.73443420241635,94.93112921772612,97.42553706863733,587370.0
2018-04-12,97.37997585823237,98.88695170825436,95.43946428988669,96.93962562635868,254534.0
2018-04-13,97.34238727857685,97.89356660270299,96.50551373044209,97.0550661635249,478749.0
2018-04-16,96.70439456152862,96.85697792765838,94.46724977880643,94.61653885771454,1041188.0
2018-04-17,94.38689130114592,99.37709566024475,89.57913338256766,94.56049494292654,312561.0
2018-04-18,93.83261730889359,98.50616603516988,90.0290163591201,94.66867464752433,432063.0
2018-04-19,94.5320770711371,96.22422355537293,89.05395236450568,90.67709373749335,778722.0
2018-04-20,90.5702268030319,94.26280439429011,85.41967939079998,89.05028860770067,566285.0
2018-04-23,88.91356564061775,92.40229302241816,86.32531376947742,89.78856999137346,1193096.0
2018-04-24,90.08404587563197,91.93941139246742,88.63693681183886,90.48584778744251,330001.0
2018-04-25,90.71510910576195,94.63219877815058,84.64996791263414,88.4701186170305,297776.0
2018-04-26,88.49018725804495,89.37488987652209,87.86783207785687,88.75070248189189,721906.0
2018-04-27,88.65771602833047,92.36644451797137,86.8166529234062,90.48738653770097,274210.0
2018-04-30,90.75362784520527,93.72931014555763,88.8949927060614,91.8482569913583,408927.0
2018-05-01,91.84312194218622,94.22115648364792,89.31832300897099,91.69245646674534,430947.0
2018-05-02,91.48032299737801,92.82227709591433,89.56196809457626,90.8953409038,669573.0
2018-05-03,90.44954868730399,91.67853112593852,88.59756080890509,89.81796156310477,565637.0
2018-05-04,89.7032300238437,93.81264325273263,86.56465799337323,90.64125136133786,531164.0
2018-05-07,90.842815340703,92.22113412118735,89.6204518737381,90.99670001166037,376633.0
2018-05-08,91.6070582628704,92.52748143189316,91.2146346523395,92.13280564027512,719277.0
2018-05-09,92.14930545578457,94.6847132062656,89.84712743729312,92.37685040292489,2214040.0
2018-05-10,92.17198358165565,94.46787090243217,91.57476907375901,93.85972095401311,583333.0
2018-05-11,93.55089423762486,94.93909070258285,92.65089933575999,94.03444387079048,460408.0
2018-05-14,94.17358023573043,96.16376490869912,93.39248182895237,95.37272054275738,263249.0
2018-05-15,94.93866670748389,98.52435918658564,93.2747120783445,96.82730313072312,342836.0
2018-05-16,96.96138002352104,98.57214023742193,93.95620801500547,95.54341239838273,406165.0
2018-05-17,95.74226863591275,97.11009210905388,91.34791163793305,92.67186980844502,357239.0
2018-05-18,92.77213106264435,96.64775488653555,91.24158640636982,95.07914929125613,439577.0
2018-05-21,95.02795910981284,95.56141811774746,94.95948658012712,95.4926107826449,900951.0
2018-05-22,95.62993908919081,96.15634694103215,92.2579195026192,92.7685766000883,728590.0
2018-05-23,92.80852296169186,93.91256798652188,90.58534632857392,91.67591794717494,415180.0
2018-05-24,91.49271450788278,93.80049259602508,90.61470863175698,92.90889639172545,272853.0
2018-05-25,93.34048775527876,96.05595992556852,89.79813646984802,92.48883217846364,755358.0
2018-05-28,92.40787518915384,92.87944401724745,91.25075918897805,91.7188116404699,433817.0
2018-05-29,91.89135321330384,94.09618077152017,91.63219726651036,93.83155298986432,221771.0
2018-05-30,93.2887628760545,93.6799854957769,91.90000701901609,92.28702869256396,588288.0
2018-05-31,92.5770694731554,96.28806775463462,87.44898756067705,91.10080920872542,666820.0
2018-06-01,91.41389395632592,93.27323436326012,89.55618581466933,91.41549371146725,167650.0
2018-06-04,91.42194836252622,93.04107089952716,90.38188180288668,91.99449078122551,318118.0
2018-06-05,92.11709204745225,93.14014483223472,91.71659532313048,92.73695314292056,423292.0
2018-06-06,92.85830348097436,94.3947232916922,92.5477699880372,94.08010389650953,593507.0
2018-06-07,93.94480881524385,94.58054928853281,93.74026548795992,94.37506916777178,359943.0
2018-06-08,94.49100846772791,96.08177767884406,93.49976674647881,95.08431200853829,317154.0
2018-06-11,94.91481180452537,95.52747859524142,94.12698963452765,94.73851846720378,591767.0
2018-06-12,94.61040086164961,96.88348817271041,92.57442450526061,94.84251677862369,366836.0
2018-06-13,95.08057551913986,96.93285942014155,93.1589233835221,95.00982905842964,549532.0
2018-06-14,95.22658200236502,97.0203534957624,93.55209431230485,95.34380453578079,283621.0
2018-06-15,95.18761238479728,97.2271484395503,94.47596325780216,96.50564533080404,257575.0
2018-06-18,96.34659351410548,97.96546203678795,95.71574941398568,97.32819077801061,598456.0
2018-06-19,97.18621029310079,100.3436883301608,94.25831287576874,97.40907668923987,489435.0
2018-06-20,97.5716996651904,99.05525626035376,94.77245613096721,96.23569912683259,639846.0
2018-06-21,96.00759168677696,97.79302442038728,94.57322677106835,96.35349171681202,357526.0
2018-06-22,96.43712849188678,96.85053852401724,95.91089339180147,96.32381767920431,321888.0
2018-06-25,96.50077931856873,97.09640248613046,96.04809387089945,96.64304964791589,762446.0
2018-06-26,96.62120834432345,102.85499159884472,94.22610428013702,100.3670337825215,240582.0
2018-06-27,100.61846730682797,101.91740647760113,98.23200848955338,99.51672465812005,729843.0
2018-06-28,99.44310916734905,101.01280950713189,98.65146398155187,100.21501931084495,750280.0
2018-06-29,100.1643234716309,104.00170675828028,98.13247822970507,101.93396414435445,624081.0
2018-07-02,101.70128627651775,102.44137122793902,101.36701789246011,102.10577338917662,336004.0
2018-07-03,102.33877671486425,105.9764549887153,102.12201558574891,105.75246341765123,319142.0
2018-07-04,105.56732736893431,105.84089245229696,104.88945245046463,105.16196709122416,406760.0
2018-07-05,105.24550252517284,107.12301297356906,103.82486901587407,105.69629454628753,263546.0
2018-07-06,105.67996945805757,107.92346072895208,102.28380632079927,104.50229665086792,301138.0
2018-07-09,104.27217820634766,105.34358262908476,102.94079386991422,104.00949924671256,572572.0
2018-07-10,103.87552134180733,104.42420536634002,103.84548610969185,104.39402021214741,573630.0
2018-07-11,104.70856479552401,107.32451269589868,103.10084928926902,105.70155069259421,290736.0
2018-07-12,105.75095166772526,109.66175247271187,102.34565320226221,106.24068407800549,579806.0
2018-07-13,105.97046970077065,108.77916449663802,105.72716124120203,108.52997939650078,530578.0
2018-07-16,108.61460965117489,111.29081274153144,105.69895952758752,108.36911373622956,809324.0
2018-07-17,108.3298074807208,111.33265138010282,104.80221916104264,107.79010273566409,555517.0
2018-07-18,108.66173264636515,113.0561511597071,108.06145973308708,112.43503364613923,675651.0
2018-07-19,112.51041694787652,116.62837272947583,109.05105382554201,113.14936387566954,535433.0
2018-07-20,113.05065012706764,113.12486188216766,111.85620824748466,111.92968414788037,654726.0
2018-07-23,112.29005297972797,113.90548284831637,109.18754264273339,110.78126677482926,264383.0
2018-07-24,110.32936399305902,111.06625345925086,108.53483998054641,109.26461801176399,421385.0
2018-07-25,109.28739922936339,111.64190888911527,108.45870324913408,110.80173015824542,435568.0
2018-07-26,111.30801913746267,112.45721345025349,109.06818643550211,110.20600303582968,401314.0
2018-07-27,110.17659247251848,113.92354893553714,106.70019527192953,110.43887591690584,528371.0
2018-07-30,110.00220151860138,112.51416328285264,107.8447474079689,110.34989001795064,570205.0
2018-07-31,110.2532772458806,112.62149362369368,109.20991726118632,111.56571365776328,517571.0
2018-08-01,111.90597494097592,113.15777109552356,109.04127453725367,110.27482440992642,412183.0
2018-08-02,110.36025344355626,112.14791681485812,106.91807449594674,108.67849602940495,329624.0
2018-08-03,108.49127920967038,109.33838921681685,108.1874801813224,109.03307304863017,686166.0
2018-08-06,108.87026925594184,112.82905373984288,106.07915364677339,110.00875079051613,508842.0
2018-08-07,109.8739980344951,113.9426788215314,106.51541949367689,110.56303801896779,294359.0
2018-08-08,110.65330943614299,113.42169029299681,106.50800456584469,109.24105286855625,409432.0
2018-08-09,109.56667589291786,110.94250993830158,108.9908346783136,110.36248624398424,220286.0
2018-08-10,110.61134284380223,112.24374572207928,107.60477510939997,109.21659427978743,448717.0
2018-08-13,109.3198258332456,110.8121228589647,106.9720127449836,108.45246971381086,408664.0
2018-08-14,108.16107859809203,108.57859998003941,106.68890212294139,107.1023365686174,351587.0
2018-08-15,106.79398042534254,110.16330161849211,105.80995841250622,109.15750162826217,833876.0
2018-08-16,109.28056591423658,110.26813569195588,109.16884654460702,110.15552184009452,278602.0
2018-08-17,109.8340136448819,111.91265969933143,109.07457812448641,111.14416527584537,586869.0
2018-08-20,111.09131823964975,115.69703220491853,108.5706235941906,113.13007751264162,1060958.0
2018-08-21,113.20492233608137,118.792939564054,112.30732648116336,117.85844616428756,680721.0
2018-08-22,117.56361688825906,118.71948527328415,113.8276366020846,114.95788581815648,436867.0
2018-08-23,114.70023349928698,119.16762328948619,109.31420633233841,113.74436664446466,281074.0
2018-08-24,113.72094754643493,113.83172470289917,112.63623168074781,112.74605918490181,256575.0
2018-08-27,112.86772036950188,116.22431671482889,108.09143764657142,111.40451956220888,375262.0
2018-08-28,111.66178615396439,113.80690340397568,107.590533690174,109.69792347902087,336112.0
2018-08-29,109.84057185030638,112.73603975995987,106.36914919781367,109.24902351398924,331765.0
2018-08-30,109.26555199630751,109.73447087537139,107.00279083722887,107.46397816718998,388277.0
2018-08-31,107.30665864958145,109.65476666841336,105.61912746391761,107.95700792834333,424684.0
2018-09-03,107.72885499599019,110.48616755586983,105.30113078836149,108.05117960033704,537178.0
2018-09-04,107.93601285912261,109.16644289515241,107.56909178235833,108.79659632389213,269650.0
2018-09-05,108.89024098788012,110.76928694003288,107.72044920847279,109.59195673200685,336752.0
2018-09-06,109.66910002509333,110.58936456800474,109.61689567135696,110.53674719948118,415040.0
2018-09-07,110.04792179817193,114.0853297025368,105.94234101525504,109.97715255715906,409137.0
2018-09-10,109.7869485750877,115.28503565496844,108.03741368901689,113.47670186622636,922248.0
2018-09-11,113.78037021759336,113.95144356614496,113.71903615871163,113.89005038344655,485483.0
2018-09-12,113.90980624334418,115.31597788332324,109.48592524682581,110.85437884036287,232017.0
2018-09-13,110.49868938959979,113.74212221305288,105.99934230973759,109.20479588953313,522966.0
2018-09-14,109.79769845223127,110.43894782018573,105.72686036175143,106.34796230260368,550326.0
2018-09-17,106.3405533839214,108.11735832109335,104.61745474178275,106.39340332029651,420815.0
2018-09-18,106.4924131202885,108.98633707321981,103.71310936056751,106.20018979546761,272295.0
2018-09-19,106.2992425614122,106.67822244929843,105.06972293654589,105.44565961583325,893786.0
2018-09-20,105.3590065388296,108.78006609360506,105.25536826310962,108.67316778375826,288383.0
2018-09-21,108.48724335062037,112.57908439666551,105.56912085128197,109.63021782613352,576257.0
2018-09-24,110.20756229526798,111.38907900467419,109.78897130170216,110.96760122689038,479270.0
2018-09-25,111.24211878391164,111.55555127639077,108.991738882973,109.29969846962109,562600.0
2018-09-26,109.51873902349855,111.03919890930284,106.06316076907952,107.55637698139888,875669.0
2018-09-27,107.71388814330724,110.13243796152639,105.22104470936614,107.63788806257308,553854.0
2018-09-28,107.37245513730532,108.35050890969647,106.98336372975153,107.95929095326808,353817.0
2018-10-01,108.2904577779035,109.07923102010639,104.05548459782226,104.81897200092394,688587.0
2018-10-02,104.60328684938489,104.8399468692066,104.2902898271198,104.5267767464298,343712.0
2018-10-03,104.59831431370364,106.02710657270889,103.13760341858944,104.56595363716178,472325.0
2018-10-04,104.15283037219974,105.14960178491361,103.223687329938,104.21986076730154,263753.0
2018-10-05,103.70997006958926,104.95392603281174,101.65185914845593,102.88593112308264,292637.0
2018-10-08,102.9654423803745,103.19318612025084,101.78101559239042,102.00663860561883,451601.0
2018-10-09,101.7983056423551,104.35415864952475,99.16319682578091,101.71700870847786,512592.0
2018-10-10,101.20574520955203,103.3173931001368,99.7847925982523,101.88687723403542,223920.0
2018-10-11,102.02902245604466,103.2221651647045,101.77438207337195,102.96518833274169,539779.0
2018-10-12,103.49779533295451,105.13041126449299,103.17345438520249,104.8019832582064,318771.0
2018-10-15,105.1564757070715,105.2638119832088,104.21221347396408,104.31869460253796,738130.0
2018-10-16,104.25508639124241,106.94155817150624,100.91605998238988,103.58527180886287,384314.0
2018-10-17,103.58736451214692,106.53510494981137,101.36220113343276,104.29474628144743,282251.0
2018-10-18,104.50064549387862,106.46761419057468,103.302082914248,105.26033836857775,456034.0
2018-10-19,105.52028492801273,107.10687129475579,103.0376440110226,104.61055177349236,306663.0
2018-10-22,104.5292577339629,106.87537330698692,103.54935803986858,105.88278509793841,734965.0
2018-10-23,105.8906345539072,108.38336511642252,104.93288511443015,107.4118566732502,442507.0
2018-10-24,107.48198505868137,111.37987345918768,105.59469409953911,109.45788735976723,416370.0
2018-10-25,109.58751216246631,113.87582031518117,108.0359220919156,112.2860234882606,560576.0
2018-10-26,112.25444498188062,112.58450243676594,110.61711705176768,110.94331945436784,295972.0
2018-10-29,110.91421755549004,112.2151900946861,109.68464541145995,110.98483509912937,264167.0
2018-10-30,111.32576036768958,111.80178861389486,110.54730300174558,111.02203250955324,520914.0
2018-10-31,111.33368346134255,111.34807723940534,110.85715702922012,110.87149105272576,284968.0
2018-11-01,110.99365174876186,112.12292442060806,108.67055719047666,109.7875588201276,284929.0
2018-11-02,110.21442641456659,111.71390584845882,105.91716186080181,107.37805210926727,618284.0
2018-11-05,107.28508128489678,108.65907724932636,106.17342390989562,107.54472947393778,545810.0
2018-11-06,107.9396816704471,110.35352896419555,103.94738730288822,106.32512845997404,267927.0
2018-11-07,106.45621642110527,106.99022718233032,105.9471363640772,106.48102847257346,345361.0
2018-11-08,107.24806044173171,107.28023637252053,105.23771131662164,105.26929358944572,308201.0
2018-11-09,104.99339541495155,106.16214615007146,102.44890933613198,103.60217346208276,900340.0
2018-11-12,103.44396887504583,104.01574445769558,103.40748423709802,103.97907108945472,635651.0
2018-11-13,104.08342986345086,104.74154775874781,103.58828335012485,104.24562962742554,373869.0
2018-11-14,104.35037946706413,105.33604158809148,104.29757212972561,105.2827624109676,557088.0
2018-11-15,105.79067186128144,110.75858642885498,104.23498074646676,109.15344449372324,257178.0
2018-11-16,108.9750336351229,110.85034894596848,107.7964199367669,109.66428073217858,338047.0
2018-11-19,109.89711657489796,110.73383022466211,109.68034803031604,110.5158412654338,461365.0
2018-11-20,110.81196436013738,110.82945718865406,108.70358042851244,108.72074313586866,530138.0
2018-11-21,108.89895108864444,110.35785634919147,105.16306007155195,106.59104663253206,425498.0
2018-11-22,106.34449505349701,109.5278548329029,106.17391832190923,109.35245333166827,488554.0
2018-11-23,109.71606060231956,112.83497855385723,104.7287707819152,107.79302217844918,456496.0
2018-11-26,108.09978749966893,108.3605749254257,105.83359353124315,106.08953127544223,414393.0
2018-11-27,106.22698693888749,106.59048440728947,105.68541015652583,106.04829616407268,392991.0
2018-11-28,106.09485506317056,106.35470027039213,105.67053828761387,105.92997968565345,373060.0
2018-11-29,105.97963600228542,107.90776716716344,102.73252766759636,104.6362174657604,485423.0
2018-11-30,104.6194516908323,106.09105148824244,102.75746891803114,104.22349916167013,521428.0
2018-12-03,104.35535202922944,106.68233593593483,103.6269311370649,105.942834106487,478946.0
2018-12-04,105.94932038701239,107.52687434057702,103.28828739342966,104.84946482390194,276112.0
2018-12-05,104.68573290738699,104.72831312023162,103.04943332345904,103.09136503797112,296686.0
2018-12-06,102.90367536743585,104.83062032761862,102.32588543749858,104.24529737533615,518945.0
2018-12-07,104.09733343245632,106.53460864854048,102.48966218570135,104.91431992495241,797047.0
2018-12-10,104.9562185031539,106.90716122561872,102.22242444442597,104.15853978930572,470225.0
2018-12-11,104.15371136030059,105.65280157366638,100.83534169401402,102.30786453035594,375244.0
2018-12-12,102.34862936160891,103.42545003168881,100.32631650404095,101.39308377876787,483950.0
2018-12-13,101.4975298842874,102.18645514328637,100.64789560628695,101.33572258103776,280764.0
2018-12-14,101.21038980139873,105.37603202443901,98.79610241994587,102.92094090772308,746818.0
2018-12-17,103.21501336341662,103.53802481611551,101.24745491537433,101.56530360027656,476698.0
2018-12-18,101.51172873005974,101.86868859230421,101.11517993233262,101.47200009121843,338479.0
2018-12-19,101.37997224725511,103.47820781609546,100.36360686576013,102.45110400946582,413859.0
2018-12-20,102.55115485098,103.94464835641836,97.88253573374578,99.230912871241,358321.0
2018-12-21,98.86599855335177,101.40041564624825,98.11041247057197,100.63133790942813,747633.0
2018-12-24,100.46749946054163,100.77044572819098,98.72901642301738,99.02762093010729,408033.0
2018-12-25,99.23107332941025,100.79100540181935,97.94877375635313,99.50516393154889,470780.0
2018-12-26,99.14874414993663,101.45736506223123,97.56475833120471,99.86198461821402,556538.0
2018-12-27,100.09168757246424,101.39330750587587,100.07475180212579,101.37615440045462,328961.0
2018-12-28,101.67661412579056,103.613547162233,100.19726446607083,102.1276353437412,478056.0
2018-12-31,102.05440448328774,103.35366149734874,97.7911451022681,99.05218073546973,493745.0
2019-01-01,99.10777005021036,99.82309469037061,97.37208255774429,98.07998904006611,237606.0
2019-01-02,98.29305667980586,98.899319149416,97.66831553768517,98.27446332520627,489470.0
2019-01-03,98.18735374235101,98.58780319156064,97.6515570160851,98.05145220148056,434389.0
2019-01-04,98.21607717209022,99.5006723492439,97.39531670750415,98.67606788879463,466021.0
2019-01-07,98.54337743785109,99.81022436296595,98.47547201155395,99.74149332492117,448764.0
2019-01-08,99.64550600776656,102.1297301282729,98.10948765561763,100.57931723649803,490739.0
2019-01-09,100.41537074962102,101.00121878065232,99.71988725847814,100.30509189548442,755351.0
2019-01-10,100.37538960658709,101.92337178070397,96.32152727699702,97.83025862068209,276011.0
2019-01-11,98.06216064076375,98.16803180441978,97.13773299811959,97.24271946588308,385825.0
2019-01-14,97.20703474810665,98.06424049923146,96.94523365179289,97.80084014721685,577606.0
2019-01-15,97.55051960366792,98.04011709314284,95.91226248806304,96.3960658756794,536258.0
2019-01-16,96.18661137142035,99.87453676274733,93.57334542974365,97.23284597870193,531661.0
2019-01-17,97.31565617380046,99.2894377792971,96.56429702220343,98.52871280480021,1330986.0
2019-01-18,98.94183113000676,103.58408538833187,94.10159174116684,98.73409943067682,565607.0
2019-01-21,98.82340399916583,99.00899038795734,94.04845277017544,94.22540429996283,695492.0
2019-01-22,94.14370061020435,94.3113377351608,92.29307416975175,92.45770913139428,391277.0
2019-01-23,92.61108553865974,96.04294488918745,91.6178835404829,95.0238671601124,297401.0
2019-01-24,94.97272660917497,97.31430077557744,91.94030408971142,94.26441466407417,390145.0
2019-01-25,94.18363343159139,95.57104067492354,90.14760183065006,91.49540918108185,588178.0
2019-01-28,91.29389960795594,96.34314293268385,88.2758836182635,93.2601269211279,520597.0
2019-01-29,93.5464869284552,94.31131099407145,92.53153176614032,93.29429393421765,519853.0
2019-01-30,92.76457429415892,98.51146345807487,89.1977750040378,94.86394339418165,406062.0
2019-01-31,95.03626617295903,96.17805552813658,94.13921455620101,95.27871542194664,380971.0
2019-02-01,95.18173495518195,97.5585151836234,93.57285016925431,95.93686619287976,411703.0
2019-02-04,95.85177034447918,96.84896400603948,95.46230715324549,96.45704148796959,591129.0
2019-02-05,96.81375946317743,99.27210701722422,95.01075457205513,97.4571205321574,619266.0
2019-02-06,97.30517063701716,102.5711608438578,95.55779507950486,100.76171377510472,295819.0
2019-02-07,100.61351604065115,103.61063972630079,99.22585904204996,102.20108702154494,600151.0
2019-02-08,102.1723467296696,102.28142535647805,99.81553968112898,99.92221608102231,341025.0
2019-02-11,100.01071182307774,101.80874415672778,98.78733842292165,100.57842623337234,533689.0
2019-02-12,100.48292773195064,103.05623534721227,99.69594111449754,102.25536690978547,409714.0
2019-02-13,101.89323233751603,106.46327233250652,99.61758401582803,104.13750128196125,827625.0
2019-02-14,103.95084900620665,104.09942426114549,103.3964421134045,103.54443648955447,374284.0
2019-02-15,103.81750913597789,106.03636201811145,103.02196273585416,105.22999186045352,475178.0
2019-02-18,105.24626577347152,108.28722610298662,103.58453966247485,106.60406184247752,563903.0
2019-02-19,106.7045636935189,113.39316980587407,103.92316396897569,110.51251075683372,311893.0
2019-02-20,110.45293688101427,112.35340859323637,107.51634655387478,109.39867852035188,429706.0
2019-02-21,109.25893523519731,109.41699042787761,108.54766627160356,108.70492001970227,397665.0
2019-02-22,109.06318563445134,110.46108952332145,106.90347819156561,108.29149097967003,360222.0
2019-02-25,108.24903254936298,109.09168254467922,106.73860613484256,107.57601713240899,371057.0
2019-02-26,107.48185465316283,109.7045516817164,104.14385184699583,106.3429976055813,690248.0
2019-02-27,106.58062889550483,107.61875990476726,101.44967882283939,102.44755228210903,348217.0
2019-02-28,102.2986886344805,102.62544649365641,101.54537138387686,101.87076238030441,554911.0
2019-03-01,101.74913864210717,103.875445349996,100.27817052440338,102.39513813933132,501740.0
2019-03-04,102.39716739633924,103.70525243904274,100.46581241211483,101.76583238914468,253016.0
2019-03-05,101.76588489987634,107.11278097916193,99.04738117646757,104.32589101642901,544524.0
2019-03-06,104.38014093252613,106.8351766200974,101.90954903681664,104.36421002724092,251348.0
2019-03-07,104.81131320951488,106.73698731946762,104.31696728690794,106.23592218291569,568773.0
2019-03-08,106.31334303572447,108.60471495585938,104.3712063921267,106.65631292385069,361177.0
2019-03-11,106.08716209239866,110.34864628251135,103.78463788458907,108.00450784981241,443897.0
2019-03-12,108.08492798080401,109.41658717981008,107.15347626587769,108.48171603425862,263626.0
2019-03-13,108.4915980714459,113.07675894341916,106.36713745434963,110.90503881586895,464610.0
2019-03-14,110.91677716915764,111.16306430533648,110.77587566707719,111.02202909801098,640997.0
2019-03-15,111.09016333628917,112.98191788226885,110.07359716529893,111.95741564090027,320364.0
2019-03-18,111.94947424345891,115.92280229656271,108.69880835272495,112.65174464902184,347018.0
2019-03-19,112.63705779785224,116.26288900452793,108.52273921484506,112.1323228034675,530645.0
2019-03-20,112.29940504829686,112.99985481597216,112.18672877092042,112.88658938369309,535977.0
2019-03-21,112.73377678380079,118.22337346624205,111.73393869002072,117.18406567237682,167097.0
2019-03-22,116.9161349929478,118.64813486447117,114.96354723926736,116.69223017670815,990696.0
2019-03-25,117.56733129757772,119.45931137880937,115.6268207154629,117.51800703432396,546572.0
2019-03-26,117.31146415925379,122.6781225574581,114.6751726138425,119.98182119354206,584649.0
2019-03-27,120.01234787262491,122.86100605285398,119.498999686562,122.33771121484378,417727.0
2019-03-28,121.86407683252466,122.59548327726121,121.64770356714376,122.37819717603553,210630.0
2019-03-29,122.4170085112418,123.53463881212926,116.14021295165112,117.21030764678788,579481.0
2019-04-01,116.90723171996235,118.96096683852058,116.30218293956781,118.34845904279294,352895.0
2019-04-02,118.20909360870054,123.59087642378911,108.60904636023534,113.78962094943104,549945.0
2019-04-03,114.10616652384198,117.058504509341,113.86028071993472,116.80679914944973,405339.0
2019-04-04,116.94886294939568,118.03819031464205,116.07468606818787,117.16241714480175,486609.0
2019-04-05,117.33158760757428,121.22510436461444,115.31557517990993,119.17737724758979,324487.0
2019-04-08,118.62025000563371,119.12147603980523,116.81488531062469,117.31057736536594,625155.0
2019-04-09,117.8918214401801,120.93563352532458,111.15606738612831,114.10203208457695,275034.0
2019-04-10,113.74341002111254,114.97361755375046,113.41358018251383,114.64118437514081,1086235.0
2019-04-11,115.09230623427723,115.58204512266637,114.1026346150768,114.59023710717457,1082928.0
2019-04-12,114.89166617329128,118.40512647267623,110.16820580266922,113.6434962717971,850075.0
2019-04-15,113.80668219261311,116.87371165612574,110.75231901884044,113.81901742721996,736888.0
2019-04-16,113.58202771457441,122.62500143196878,110.19336328941124,119.07253053189339,427701.0
2019-04-17,119.11694176242791,121.48174334226191,118.37590441282413,120.7306668617595,705469.0
2019-04-18,120.5862374902664,125.7508528375668,117.80260098436705,122.91349349473803,425717.0
2019-04-19,122.92272058424858,127.42918374786868,120.26295691574592,124.73030806264663,237659.0
2019-04-22,124.65482632158384,127.82779396063671,124.59393194201519,127.76538006316571,807163.0
2019-04-23,127.13034325108147,127.89562774687779,126.6245030463975,127.3887593278602,694905.0
2019-04-24,127.73924985051082,129.49936093114437,121.50579251426713,123.20340446695862,436902.0
2019-04-25,123.17863895022427,124.44519471273534,121.57437638728229,122.83742368301188,271014.0
2019-04-26,122.6830941828046,126.32212420597085,120.97682881815665,124.58934685181798,349941.0
2019-04-29,124.41864138165548,126.41859328253848,120.68002218726099,122.65156951222991,213532.0
2019-04-30,122.75735441441837,125.09631969770196,119.99278258518905,122.32348103362716,645663.0
2019-05-01,122.05625782465705,122.76233707853417,120.26857553294855,120.96836145067292,232973.0
2019-05-02,120.33308065226468,124.30220807043207,119.89304521545067,123.8493144282338,496199.0
2019-05-03,123.97237851592288,126.69429059796373,122.6791534409686,125.38631595242613,315692.0
2019-05-06,125.54689672897861,126.77302957932176,125.5284648677191,126.75442043841568,250026.0
2019-05-07,126.69052985516154,128.93152443643422,125.87353369099229,128.10540409519967,486670.0
2019-05-08,127.74048840995113,129.7771720393305,126.0117959406406,128.04436722455358,387116.0
2019-05-09,128.07332648674262,133.00072699817196,123.57838590560075,128.4911231666659,618638.0
2019-05-10,127.999325678241,129.2944349816959,124.6022314310021,125.87585525959038,266454.0
2019-05-13,125.53560528326665,128.96695638662533,117.83642082999337,121.14783807214027,326790.0
2019-05-14,120.9069288675199,121.89003220556128,120.50326029765029,121.48443553040538,170236.0
2019-05-15,121.7585630339457,123.9579098181491,120.00885575371026,122.20183262024278,184658.0
2019-05-16,122.08625345526467,126.4099912286609,120.52680808287504,124.8156820232908,908252.0
2019-05-17,124.67047494207776,130.82621353790313,122.19303843824856,128.27710649091523,1018090.0
2019-05-20,128.9277448850253,133.7287460977776,127.05762363766796,131.8167197256746,459131.0
2019-05-21,131.93829124332376,134.412822334445,127.12908210532923,129.55898886754207,318211.0
2019-05-22,129.67702506218353,133.96511780292985,124.50159135207215,128.7593385088913,392629.0
2019-05-23,128.63509427882823,130.44173936872193,128.0557861323692,129.85692869099367,627457.0
2019-05-24,129.65554419491158,135.78735192820346,129.5774738474123,135.70563859748012,360139.0
2019-05-27,134.90469649880822,140.7129088031327,133.63012167161028,139.39590123159914,486530.0
2019-05-28,139.75485356608272,143.07417114421915,138.89797414695238,142.20228577548176,440162.0
2019-05-29,142.367908255737,146.58545530226857,137.08403108100907,141.26902448494835,352383.0
2019-05-30,141.20295906195238,143.67104882086596,136.6996790832914,139.13156286050742,358442.0
2019-05-31,139.0805828694596,143.48346140908666,136.74768370537805,141.1164137813266,497489.0
2019-06-03,141.39420228702406,145.45074338760233,134.4231679735594,138.3936237177737,299313.0
2019-06-04,137.79984300772264,139.38821233314115,136.21306008575846,137.80141135149665,530032.0
2019-06-05,137.57185882666525,143.06822659927658,132.02330356736707,137.51749953945986,366359.0
2019-06-06,137.0672663122562,143.03948232558082,135.87937825302333,141.81048732842612,465537.0
2019-06-07,142.54727858096382,142.89833187992636,140.4984116272589,140.8452733727302,769568.0
2019-06-10,141.22691396943932,143.14914961387242,132.12794250979854,133.95114790226492,413628.0
2019-06-11,133.04672169402457,135.7507115436524,132.65578561795994,135.35299884859523,639167.0
2019-06-12,134.75323786848926,139.4288884762732,128.89357270637075,133.52666380419464,216033.0
2019-06-13,133.47282202531744,135.5117406575637,131.615477065174,133.65190368139537,366537.0
2019-06-14,133.46166686222318,134.32940085927888,132.56177274564058,133.42929627734193,447341.0
2019-06-17,132.8962348159304,133.05036356398267,132.55142745604877,132.7053348044518,954872.0
2019-06-18,133.51180220651008,136.00383736142328,132.42933651588595,134.91003529958897,201999.0
2019-06-19,135.0366675790622,137.45466053722782,128.50153998429664,130.8444665720014,425711.0
2019-06-20,131.02557803209396,132.87735824951605,127.71787980538011,129.5487886060489,792284.0
2019-06-21,129.29804099263652,134.09530884888818,126.47186263518223,131.22696827083945,323189.0
2019-06-24,131.48725079392563,132.71826635784643,128.56072737923134,129.77571916855612,406307.0
2019-06-25,129.6388088850099,134.6132115691679,121.14999751152938,125.98416703250822,505193.0
2019-06-26,125.8838381930323,131.13866136172302,122.37851790818202,127.58594477242748,476300.0
2019-06-27,127.80684943534881,134.03515503904106,124.1759014056528,130.33245542382244,827619.0
2019-06-28,129.75388622403563,131.5131238779228,128.4858269675426,130.2403108886782,529342.0
2019-07-01,130.77543066069387,131.71880515646285,125.04957024098807,125.95819464975784,752465.0
2019-07-02,126.01728014981525,127.6620732785637,125.8654577101314,127.50845430987441,383079.0
2019-07-03,127.92364226714986,130.9524565526786,121.05825993242951,123.99403391915178,328992.0
2019-07-04,123.65175209237275,125.49139387352695,122.83529913906968,124.66822928217962,404218.0
2019-07-05,124.36703970297049,124.38880061369133,122.74440851377113,122.76588926592429,278273.0
2019-07-08,122.39131849235922,126.49927501698733,116.27142628983995,120.30950870742856,536813.0
2019-07-09,120.39035481038208,120.93582348165982,118.83517810629293,119.37605113634827,379135.0
2019-07-10,119.39732111310627,121.9076146022929,116.49473080031815,118.99659923000816,338163.0
2019-07-11,118.84540357890738,121.59377600884598,114.89877312703868,117.61877911832819,540075.0
2019-07-12,117.29864296584127,121.0697365130307,115.13801028147158,118.87997579018794,279991.0
2019-07-15,118.47787780076153,120.00263370152658,116.43407452455051,117.95206343581042,602113.0
2019-07-16,117.93668707829997,122.38934419608495,115.64551474257034,120.05698062430668,365370.0
2019-07-17,119.90352571558583,122.80619891288137,117.80119396897877,120.69007616250688,703370.0
2019-07-18,120.465285376333,120.51786492174553,119.13503865657479,119.18706029442474,378097.0
2019-07-19,119.69635190576268,122.73486548100873,114.34033753826193,117.31848862335144,569642.0
2019-07-22,117.29205420566002,117.67993649234508,113.48003831265683,113.85655949262234,475359.0
2019-07-23,114.25185559082009,116.21620294684202,112.51225060559965,114.47322734324419,595741.0
2019-07-24,114.30318257746221,115.2271663558628,112.8139089741488,113.7332859231323,462304.0
2019-07-25,113.8069856267681,114.3070267016421,108.60546484796949,109.0847575655919,227440.0
2019-07-26,109.06929928525506,111.16791867178667,106.02826156408733,108.10839198346306,662329.0
2019-07-29,107.65976480804348,108.79966044634224,105.41660419916185,106.5446935243506,427166.0
2019-07-30,106.892871784149,112.07191254474556,104.03110758827751,109.14972721909082,606710.0
2019-07-31,109.11674513570235,109.23536825797039,106.31597084590462,106.43167497158805,583091.0
2019-08-01,106.61369208229546,108.24453004134332,102.53995180055189,104.13284091670185,324708.0
2019-08-02,103.95530243324573,106.41764216335956,103.46031718615663,105.91333371126528,306840.0
2019-08-05,105.8734809395304,110.7700032906086,103.2993384271428,108.14073613387751,575010.0
2019-08-06,107.91970846113718,109.641863499874,105.19110802706759,106.89694202117647,391876.0
2019-08-07,107.22171168196466,109.60827082164258,103.45711539353186,105.81230368981973,643432.0
2019-08-08,105.89304558343468,107.14660889840435,105.64666700366384,106.89789236789954,411976.0
2019-08-09,106.99781191486889,110.4307202952389,99.47529580411457,102.77264427788566,666212.0
2019-08-12,103.12946542495114,103.29675309083343,99.42117602993609,99.58271045781348,524039.0
2019-08-13,99.87014476591104,99.92985275547433,99.07382781293087,99.13309515278137,496426.0
2019-08-14,99.31918474717803,102.75445272520729,98.27934008063434,101.68978848668175,380939.0
2019-08-15,101.35125289762874,105.58674999920785,96.79355907056625,101.01500424734967,485518.0
2019-08-16,100.85472721240738,101.50222662619026,100.54020486277548,101.18666909314993,712932.0
2019-08-19,100.95764383010294,103.02066305393065,100.88322360569033,102.94477802737639,432922.0
2019-08-20,103.11824272622131,108.80122747837466,100.75416118483709,106.3627623104189,547145.0
2019-08-21,106.40698881233475,108.07405701789445,103.73527115216213,105.38634909198727,450694.0
2019-08-22,105.04427398088586,107.23729292288994,103.18799125405069,105.37516291481535,465023.0
2019-08-23,105.32811684123655,110.58923315930443,103.26448808716313,108.46416181258785,881486.0
2019-08-26,108.09332477295027,108.5266231160515,105.56245156028777,105.98730781261814,715468.0
2019-08-27,105.97420490095523,109.21704675473352,104.48799709246452,107.70654420207664,456691.0
2019-08-28,107.29430263494767,107.62090971140121,105.71993746297191,106.04273472916852,482040.0
2019-08-29,106.16543895246248,106.53348818326394,105.85159942362051,106.21948887547188,334119.0
2019-08-30,106.30996286349908,108.76612025404738,103.40510198338598,105.85064747206859,412838.0
2019-09-02,106.29786196892533,106.83125321305836,103.86114438418389,104.38493677533867,500698.0
2019-09-03,104.57733803220846,104.88874839342708,102.62088322992216,102.92738034771548,621720.0
2019-09-04,102.83617932721586,104.64497578073723,101.54192909003814,103.34433018376576,597010.0
2019-09-05,103.51776460294111,106.34389192468501,101.97184563178047,104.77913582247318,283877.0
2019-09-06,104.47496444958666,105.7465133159119,103.3397180204356,104.6098017173061,653955.0
2019-09-09,104.40193183553669,106.77822660984273,102.36017432758759,104.73005215055076,426979.0
2019-09-10,104.8029949714845,106.48134236156757,103.91419681473644,105.58590461736924,298106.0
2019-09-11,105.10490584242595,105.35342880696906,103.92114198526225,104.16744830993265,755061.0
2019-09-12,104.15889711313339,107.24851436660954,102.25797400400627,105.32628614717825,794376.0
2019-09-13,105.09176025468096,106.75027266040264,104.95262135142076,106.60912480383628,491638.0
2019-09-16,106.63159395313163,110.59986987159039,106.58242991057864,110.5488996984225,587433.0
2019-09-17,110.29234548757026,113.0213054329545,107.25109421700493,109.9721311083368,601378.0
2019-09-18,110.07166184384592,112.60955287418216,106.75805462224879,109.2776380721013,773212.0
2019-09-19,109.28230863932362,110.55550513740876,109.26913686416026,110.54218151001614,591980.0
2019-09-20,110.88924498038803,112.67787988853705,110.13868860978636,111.9203444974596,260127.0
2019-09-23,111.92202473827082,114.35575140361718,108.63763059168373,111.05244845883999,988479.0
2019-09-24,110.86022024928104,112.1935638518765,109.07212002181772,110.39992756919945,677566.0
2019-09-25,110.3347447004994,111.9340976355902,109.77944307398533,111.37356773648523,360840.0
2019-09-26,110.99403800914074,111.59885167387354,109.24031240655196,109.83883127535957,293065.0
2019-09-27,109.95239046348422,110.57100988421611,108.47746092337205,109.0912352713971,541406.0
2019-09-30,109.25580941968624,109.3127936476478,109.21539978688854,109.27237788679452,395813.0
2019-10-01,109.98482399861132,112.50881881762201,108.70277441084642,111.21245917224138,504841.0
2019-10-02,111.03473247153997,111.28041281662524,109.83631957891174,110.07988719122639,595623.0
2019-10-03,110.0033985494713,110.50863332614051,106.14969173042735,106.63947634367625,352718.0
2019-10-04,106.48034142595752,107.17153244208573,102.50670532483458,103.1764499398442,283100.0
2019-10-07,103.23371768829945,104.8609714952769,99.35642792778265,100.94764682682835,516240.0
2019-10-08,101.04621638055457,103.26619348269502,96.55713681719112,98.72614207680161,357412.0
2019-10-09,98.71326266493038,100.27341047848442,96.93535084859069,98.49200166636298,469038.0
2019-10-10,98.73811731343311,99.15587976204408,96.32105891353355,96.73032636867896,258505.0
2019-10-11,96.5980327528721,97.67772234586431,94.67622772304108,95.74639848181596,399963.0
2019-10-14,95.95300098674278,96.06200395968425,94.58117811408246,94.68874488730135,588882.0
2019-10-15,94.79919817506992,96.48997289320481,92.42658864743953,94.10498178918168,563754.0
2019-10-16,94.1023755446109,97.04172935467135,93.13075754217708,96.05000188314517,322758.0
2019-10-17,95.9780166807538,97.30426193717452,95.75542433413376,97.07911591970426,277255.0
2019-10-18,97.62540257365728,101.52869640038605,93.23565925401535,97.11869366353628,445212.0
2019-10-21,96.93343277137382,99.1342877845146,94.2490542827856,96.43867593682128,553719.0
2019-10-22,96.50501875286042,97.56109289014643,94.76466278873228,95.81316583821994,520253.0
2019-10-23,95.64883968594188,96.67496277469506,95.28530056044896,96.30891485609078,360460.0
2019-10-24,96.70546686229275,97.43557829910144,96.4625714293203,97.19146219009691,498386.0
2019-10-25,97.39379835130993,98.92204877034648,94.33318933367742,95.8370115016798,806890.0
2019-10-28,95.6862380970801,98.48694917029015,93.11149331206812,95.90628336245648,480248.0
2019-10-29,96.0241662043121,97.36275303840313,91.56289326978562,92.85733413646702,230209.0
2019-10-30,92.91275788184223,93.24471350759815,92.8443194161778,93.1760810811027,479875.0
2019-10-31,93.06466522523962,97.35930924053095,90.0392566427003,94.29393861384548,1002074.0
2019-11-01,94.47283610887342,95.32990742844343,93.01626563913298,93.86784842235579,264354.0
2019-11-04,93.95983049655493,97.18698190595259,93.56961214934128,96.78503040815507,447705.0
2019-11-05,96.83968796572192,97.20371465769962,94.96179380885403,95.32010830194072,404119.0
2019-11-06,95.30962433509376,96.8030005976937,94.20638729311601,95.69529925465102,459711.0
2019-11-07,95.80529565761577,96.38661229893812,95.06553072616198,95.64588008352082,478160.0
2019-11-08,95.70428088895466,98.63113166083633,92.5671300328918,95.48734646533406,698010.0
2019-11-11,95.50229480050315,96.61903040094471,94.19192930095188,95.30637394286676,457674.0
2019-11-12,95.14804807769343,96.42049083228002,94.22621573581044,95.4952942307933,737413.0
2019-11-13,95.92069606699891,97.050506923237,95.80600121843291,96.93459972393585,422075.0
2019-11-14,96.67389331436185,99.30549282950506,96.62710864214931,99.25745785882818,384595.0
2019-11-15,99.36834778269476,100.69667417235095,97.93914477103475,99.26610440171636,338516.0
2019-11-18,99.18069400511604,102.127287368816,97.81373390361347,100.73885192148249,213879.0
2019-11-19,101.22105736285786,103.07170217526901,97.66041630453604,99.47921465882636,494011.0
2019-11-20,99.23741141286916,101.62910675715132,98.48933009487212,100.86872808567348,1006108.0
2019-11-21,100.66677105529486,102.66932055341782,97.51364350505013,99.49284016600006,531413.0
2019-11-22,99.23227993901946,101.55888646286002,99.15511133450524,101.47996992813653,582275.0
2019-11-25,101.57094410003496,105.95053058156506,101.3495775711653,105.72012122115429,375040.0
2019-11-26,105.33753114257397,109.16987135690393,101.67964349794677,105.50612908181253,401221.0
2019-11-27,105.37410277550009,105.44900216485382,101.48754250308842,101.55973065566748,655961.0
2019-11-28,101.02002541835827,102.46713501733646,99.21754181428032,100.65948670426334,988039.0
2019-11-29,100.71684946524978,103.38500100922164,99.99891165235177,102.65325992213792,802253.0
2019-12-02,102.52669807884489,107.40416349263434,98.76787409754532,103.60577837298386,610539.0
2019-12-03,103.2165022459365,106.25126226491543,101.03866882342805,104.05572159684588,448678.0
2019-12-04,104.33610513930437,108.3532928481717,101.83794387177757,105.81961139458724,481127.0
2019-12-05,105.49185621425622,111.37256261381627,100.82033046228935,106.64976103468078,327288.0
2019-12-06,106.83368931560169,109.74350695997909,105.66617434344137,108.55715734176769,247888.0
2019-12-09,108.39566235809795,110.25294542667346,108.14541138547024,109.99899287583885,281892.0
2019-12-10,110.4040796873863,114.28611374472595,108.75913367186213,112.60832595268766,451315.0
2019-12-11,112.804823713942,114.23655873860582,111.82659723640472,113.25443331418812,393644.0
2019-12-12,112.99371269651708,115.03503305327013,112.80824728304708,114.84652647171478,245788.0
2019-12-13,114.60250956322383,115.7502685775219,113.17559217096982,114.32052709422571,435858.0
2019-12-16,114.47352222163154,115.14434950493019,112.66761044352683,113.33174679873825,389503.0
2019-12-17,113.26671553192658,117.312905274084,112.1898394945056,116.20806454942232,276747.0
2019-12-18,116.16488416547567,117.7679957092419,114.99737557156449,116.59615267557773,381524.0
2019-12-19,116.92125002044376,118.70550212038627,116.21589876508881,117.99368120547406,389111.0
2019-12-20,117.79555942357948,118.47560961097986,117.55281758194616,118.23196845927451,345706.0
2019-12-23,118.25646237677233,121.70448390713904,113.78937448859706,117.20679057988026,640925.0
2019-12-24,117.46625415819916,120.10659715353088,114.60988222834149,117.24525778663491,206662.0
2019-12-25,117.46057093034572,121.9162931460462,115.42338647414397,119.83787772684894,199922.0
2019-12-26,119.79329527421554,122.55445247116496,118.1494102981427,120.89544307426566,442995.0
2019-12-27,120.81001777889252,121.62665569997549,116.78938975177361,117.58422230473991,459756.0
2019-12-30,117.09904561186443,117.60829194953408,116.69262114297567,117.20151184338536,520053.0
2019-12-31,116.91528022974036,122.47014406876534,114.9930999542,120.48920561492564,356614.0
2020-01-01,120.58167296574723,122.03990605496183,118.64161970670499,120.09395466104857,306456.0
2020-01-02,120.05428459269363,122.10992547336927,114.70835092556328,116.70667199180329,441121.0
2020-01-03,116.72849668416114,121.67692710115914,115.54696557270569,120.45764933824046,370782.0
2020-01-06,120.76653153676328,122.25270641097188,120.3505331541754,121.83303430008425,822767.0
2020-01-07,121.46222018951546,123.99308365305563,119.17677584106883,121.703106760648,388601.0
2020-01-08,121.62906603888021,123.5500073625732,119.03471381949593,120.9448490026664,433101.0
2020-01-09,121.0040899350752,124.04848301171258,120.2167943593995,123.24659688951405,1190837.0
2020-01-10,123.01199231412986,125.83251895465575,119.2628168264026,122.06155091453266,409256.0
2020-01-13,122.53075955902743,129.8293437967934,117.3949135158166,124.60649387072212,552640.0
2020-01-14,124.90273695901146,126.44175042827764,124.27062041067387,125.8050673031262,572933.0
2020-01-15,125.89933631551278,127.01738280894718,125.23671307640008,126.35237517223973,592769.0
2020-01-16,126.94632600074291,129.4961399686365,124.14447319351669,126.68912100246838,496727.0
2020-01-17,126.21474122353416,129.64980506351134,122.90545670212255,126.33730693327583,478081.0
2020-01-20,126.33481981195462,131.7868680065396,123.22272618452325,128.61851843987085,460530.0
2020-01-21,128.73682964435216,131.77653838836298,123.79346316643154,126.78713613000502,351373.0
2020-01-22,126.48703696410094,129.04663025130424,120.80489583372594,123.29999612195162,503937.0
2020-01-23,123.38981280304644,126.841989815824,121.1166162423176,124.5474659422898,995956.0
2020-01-24,124.22184120771931,126.27779363160764,123.7628339767923,125.81290731499793,718034.0
2020-01-27,126.00821289860782,127.34588496565225,125.4077731139367,126.74194886707603,499602.0
2020-01-28,127.03559381537553,130.41807805624282,124.14824258564958,127.51972320503877,623019.0
2020-01-29,127.59632885940199,128.8154051295922,125.72893015785556,126.94175249804407,312491.0
2020-01-30,126.42712357773583,129.7087392309827,125.17161530985565,128.43330817065086,398632.0
2020-01-31,128.16357957758436,130.33225060277476,126.20517170465973,128.370678153126,646378.0
2020-02-03,128.52759506477716,129.33105200300025,126.6971799633432,127.49417675492842,802002.0
2020-02-04,127.50006255702034,127.57333183769205,126.86711852218448,126.94006599481571,325024.0
2020-02-05,126.22182624762944,130.67249829965897,126.16789891517419,130.61669329308586,364603.0
2020-02-06,130.9672069759735,134.14521460092087,124.32952503667447,127.42149353306729,1058698.0
2020-02-07,127.45986493325493,133.7268254994962,122.15360146183616,128.38216585005665,459781.0
2020-02-10,128.1478258810658,129.97139198343783,123.45506035120232,125.23720784699721,917442.0
2020-02-11,125.52038257918159,125.53090766667061,125.04217493957647,125.05266080783701,480577.0
2020-02-12,124.85869810127087,126.9289006769309,122.18713295650285,124.24719661536822,488196.0
2020-02-13,124.0390654631155,124.55926099151259,119.62552698177714,120.12932582847118,391525.0
2020-02-14,120.23393922703372,121.15310390381298,119.98846536271652,120.90625741090433,645011.0
2020-02-17,121.42575504416139,122.70740188225739,118.9203956945652,120.18898848203384,761550.0
2020-02-18,120.64920070685979,120.77126013616028,116.194525731894,116.31219746415566,292435.0
2020-02-19,116.40766027444965,118.95096790185703,115.29585267722616,117.82561741988596,384239.0
2020-02-20,117.94513003415936,120.75934785565386,117.53780574854623,120.34373995483662,637960.0
2020-02-21,120.54675595641429,123.72953303839058,119.77115293382165,122.93854116668493,420072.0
2020-02-24,122.61066822709111,123.87726491000106,122.32279765527942,123.58710182561758,363177.0
2020-02-25,123.75823855734772,123.77141888364902,123.67714860633036,123.69032169944572,662527.0
2020-02-26,123.49509102894444,129.2397319556303,120.41188032822501,126.09169379206936,687888.0
2020-02-27,126.1759568400928,129.9499904845348,125.361564134347,129.11661751768474,369588.0
2020-02-28,129.05315280013275,132.1188185135298,128.2144801990172,131.26576688509383,481637.0
2020-03-02,131.4114977228231,133.85820590657787,127.06551114634823,129.47618639426597,272832.0
2020-03-03,129.50987046316374,131.00880682688268,128.38590256439383,129.88161271564792,309220.0
2020-03-04,129.0238425875519,132.92638029366336,126.85372290758745,130.72760415430486,464941.0
2020-03-05,130.77894886809483,132.7138211866382,125.44897855233542,127.33286613561212,448006.0
2020-03-06,127.51357005122202,128.93872322295144,126.81634656595072,128.23754118115752,300514.0
2020-03-09,128.35801671348136,134.72897332448892,126.11914972928261,132.41926851645184,332239.0
2020-03-10,132.3907312614905,134.95547069858824,131.0830763334241,133.6355206875363,288942.0
2020-03-11,134.1014666705925,138.88575170243422,131.72886472157165,136.47122263831676,530738.0
2020-03-12,136.5586078587962,139.62857428177045,133.77467465121387,136.83892639896615,201379.0
2020-03-13,136.96291052826328,139.13218117259692,134.5602367660529,136.7257511906395,295188.0
2020-03-16,137.00682115568617,138.26269261078184,136.18383475084454,137.43712143478274,209992.0
2020-03-17,137.53985852456188,137.68384083561327,135.7878861952242,135.93018343300145,523142.0
2020-03-18,135.66808032686606,136.8064467023214,132.96433041918806,134.0894507992017,215110.0
2020-03-19,133.3943951751452,139.96255610934344,130.05881531576847,136.54811620245877,448064.0
2020-03-20,136.4076516299077,142.50508924511215,133.26311154745613,139.29401129939112,852399.0
2020-03-23,139.50471310680075,140.40922901520122,136.61238431297025,137.50392759640957,864039.0
2020-03-24,137.41149631661398,142.67695896622453,134.01126150205602,139.23168378059182,214837.0
2020-03-25,139.44195394781298,140.2242938441966,138.32693783750085,139.10740072105335,498502.0
2020-03-26,139.14480339349828,139.9797512257119,138.87301083124171,139.7068607926264,297870.0
2020-03-27,140.04165136625605,141.2575461618698,139.3205307136395,140.53389080602327,274511.0
2020-03-30,140.45094906701766,142.70529306401343,140.18558748287361,142.43618067428426,422782.0
2020-03-31,142.5638790187886,143.2811792838238,141.89769743069238,142.61475993613126,723110.0
2020-04-01,142.7488015977861,146.67334099638015,141.25622454320336,145.15559854733021,562341.0
2020-04-02,145.56458032178466,146.26606730331935,145.04598659643153,145.74682430883797,332350.0
2020-04-03,145.25319908546578,148.24572570017278,144.00770008970395,146.9853738683553,586550.0
2020-04-06,146.85732357480904,146.92754225062234,145.40029225582958,145.46984752086524,180325.0
2020-04-07,145.7068990386831,150.30549310211424,144.99267362270362,149.57232018232767,327362.0
2020-04-08,150.04661336735097,154.09477393199677,146.52658918458164,150.5626439112299,318203.0
2020-04-09,150.63245515394365,153.5189245029228,149.10771623297143,151.98053993478888,456493.0
2020-04-10,151.8987025440518,154.1619523869604,146.82105676806498,149.0417386163009,407937.0
2020-04-13,149.24613707205972,150.34585724218866,146.51204234066424,147.59963022499,418073.0
2020-04-14,147.82716940413772,150.7348791148932,146.91113649502006,149.8065804923429,412550.0
2020-04-15,149.7079690462118,150.79461232770615,149.27787002613053,150.36263251185397,446397.0
2020-04-16,150.4544403044062,150.72055836034656,146.62883089015835,146.8886418983454,549109.0
2020-04-17,147.18757788688907,150.40234372218302,145.4841505828372,148.6816255460836,469645.0
2020-04-20,149.17677241200704,151.39092834518559,145.57435208144813,147.76759226117912,394849.0
2020-04-21,147.95620660965858,151.72655553994477,146.45950161399333,150.20708100303233,519540.0
2020-04-22,150.21906894486875,150.77256331886795,149.5259374575531,150.07891542451054,615660.0
2020-04-23,150.06460357735577,151.60723258124997,148.93239868789112,150.47195431878347,354190.0
2020-04-24,150.61615656821974,152.94004568402227,150.2315356371027,152.55048515492945,432025.0
2020-04-27,152.51948741076893,153.80534247078737,149.71398063552382,150.98691494625447,704161.0
2020-04-28,151.03877563700956,153.49003360772105,146.79680281486642,149.21851924587267,284616.0
2020-04-29,148.92793134013456,149.1944155957017,148.6224684861127,148.88888287028414,910620.0
2020-04-30,149.22203412795145,150.4425264104038,149.12254108571906,150.34228644556174,258936.0
2020-05-01,150.04066656891428,151.13940103658618,146.9579073648439,148.04200581744712,385330.0
2020-05-04,147.9340610184522,148.98026926398038,144.29243327462254,145.32015565335865,302526.0
2020-05-05,145.34433416711516,150.88659875273913,141.21497543793203,146.71820710064657,1061476.0
2020-05-06,147.18744883370985,148.88975192596635,144.12117082100912,145.807514217085,361732.0
2020-05-07,145.70675680661304,145.803739043245,145.12036254767497,145.21701881530726,362096.0
2020-05-08,145.06445379680588,145.16196275692081,142.34338537529928,142.43912965343677,381437.0
2020-05-11,142.32248144567052,144.69865824612887,139.15300282352686,141.51570999083393,459659.0
2020-05-12,141.87722211018396,142.7249288952902,140.69093150167006,141.53660311134675,387947.0
2020-05-13,140.9189536985816,143.06123010150264,140.79984299928506,142.9404107806168,419511.0
2020-05-14,142.7239185937251,142.77050534038258,141.81970601912926,141.86601273533864,107831.0
2020-05-15,142.49294249014224,146.1677376675743,140.79954713198217,144.45107177417015,452645.0
2020-05-18,144.58626556386983,145.48680159948512,142.54958224659845,143.44299759199447,445576.0
2020-05-19,143.19169116106193,143.4040106143596,142.23145210421532,142.44266092260503,670264.0
2020-05-20,142.43308080731214,146.52398224847798,140.773511825188,144.83641070036487,746854.0
2020-05-21,144.8516584164547,147.3311883429433,142.71330894351874,145.1878755187326,410412.0
2020-05-22,145.38382509715782,145.99021190345675,143.768460906577,144.3706217051436,613228.0
2020-05-25,144.78449076475468,145.84724694718045,143.11248644294017,144.17073751534448,284752.0
2020-05-26,144.25630295005936,146.37373134412806,144.08822066219986,146.20338039123095,601353.0
2020-05-27,146.07530507768382,149.39430316848086,145.26949432494598,148.5747047115225,351867.0
2020-05-28,148.75605485016138,149.14140653466356,146.97744142632183,147.35917450050036,275439.0
2020-05-29,147.21340819021106,148.078524867743,146.46994033789622,147.33444574278414,410760.0
2020-06-01,147.1073152204394,148.46094235708068,146.14931314324136,147.50038053371347,774667.0
2020-06-02,147.06655355924912,147.6227730804695,145.36570605886598,145.91758005435452,475633.0
2020-06-03,145.54238763656258,146.4329731289617,144.97090569627716,145.8602431078634,804998.0
2020-06-04,145.66323592370338,146.56663764222407,144.99888491610284,145.9012013055752,327914.0
2020-06-05,145.64612109950193,149.54512719997356,143.71875494758802,147.59201067669292,672758.0
2020-06-08,147.65977400171136,149.49095511675728,147.54777362818842,149.3776517279189,340829.0
2020-06-09,149.11774073362795,149.37932091813192,148.67552333792116,148.9367860944137,484141.0
2020-06-10,148.27464052772197,149.12249930674201,147.8239907154005,148.67064591871468,482470.0
2020-06-11,148.45083461634644,149.92272297303413,148.17201331474624,149.641665046148,576423.0
2020-06-12,149.53922459107838,150.6214596536856,147.75406956899417,148.8311804227058,489087.0
2020-06-15,148.7035166248958,150.68856177354152,147.7177356448027,149.69620012517618,329169.0
2020-06-16,150.01895182726966,150.8024698208474,148.82541754627465,149.60678286651873,629149.0
2020-06-17,149.46545547635085,149.83486458860637,147.7919783650638,148.15815644193248,884398.0
2020-06-18,148.36093341524756,149.23163221575055,145.8698232769239,146.73095608675743,350277.0
2020-06-19,146.7266982398311,150.52910974990763,145.16570076893422,148.9445173230731,212332.0
2020-06-22,148.93494869002922,149.82933492394497,147.8492899117005,148.74252057360405,540218.0
2020-06-23,148.5485302319694,151.3702725572559,148.51812937242414,151.33930055899523,387522.0
2020-06-24,151.32649444286525,152.46842380227108,149.49334230776037,150.63001595010215,419811.0
2020-06-25,150.46286000074346,151.23030198654226,150.32302911882817,151.0898883832052,552645.0
2020-06-26,151.12646246500515,156.01246391853445,149.74175992513892,154.59597185362966,368591.0
2020-06-29,154.53920660996008,157.19936727296377,150.31268280737018,152.94540862851056,397305.0
2020-06-30,152.72276429024276,154.00936102326241,148.76000216872782,150.02386228802172,425046.0
2020-07-01,150.27114115069682,153.00794924200346,149.4820159053367,152.20864947662983,796436.0
2020-07-02,152.31147425794038,153.65619000764585,149.5881155006307,150.9205511763393,447767.0
2020-07-03,150.81078922404026,152.7068420487873,149.02504036648617,150.9198023678248,269879.0
2020-07-06,150.95595795014742,151.65688234877132,149.2885551682851,149.98497104387621,274210.0
2020-07-07,149.96504794509235,152.62932378356751,147.78658784782453,150.44390755507555,467751.0
2020-07-08,150.23555563955838,150.88042967852076,148.3222484217985,148.96165434190206,281596.0
2020-07-09,148.97933223718047,149.33972341680175,148.33339802614162,148.69309678264918,236825.0
2020-07-10,148.53985746220644,151.24063670875574,146.77787806787026,149.4676518202114,570469.0
2020-07-13,149.25024035700233,152.02521589972136,145.21017827249796,147.96118673642502,581752.0
2020-07-14,147.5920726474173,150.57090432818782,143.9695662317651,146.93513910801977,381836.0
2020-07-15,146.85742522614893,150.3875681851261,142.94681261332738,146.46758462597543,497556.0
2020-07-16,146.58812926005885,150.4257020675238,140.7078373433769,144.49049559567916,476989.0
2020-07-17,144.3455095312118,144.48111090612966,143.80151033805583,143.9367276942445,562962.0
2020-07-20,144.45190008435287,145.43322119699152,143.15284098477355,144.13198880866474,563487.0
2020-07-21,144.31303727884932,144.6740880159799,143.26301807178893,143.62234078431976,156011.0
2020-07-22,143.88810302755047,144.45694555018594,142.72145828385044,143.28792809452614,401836.0
2020-07-23,143.44952628484907,144.5498418894119,142.19526228796363,143.29438791881634,544249.0
2020-07-24,143.67120067444552,143.82402166735466,142.29094370006956,142.44245769671915,375426.0
2020-07-27,142.28365592839143,144.64342961201868,141.05898292052126,143.40906986910588,448867.0
2020-07-28,142.88950950751695,145.6386716404253,142.65702872654708,145.40210287797214,597363.0
2020-07-29,145.3101907569308,146.0170164075394,144.09489240202728,144.7992326225785,456969.0
2020-07-30,144.9138431762356,147.12595137482327,143.29296514681943,145.4985335165962,808687.0
2020-07-31,145.52978342724708,147.79356414639977,142.94461843961514,145.20332088830122,694394.0
2020-08-03,145.26002597373343,148.483851038401,142.52483058898812,145.73962497257625,421921.0
2020-08-04,146.0127363130189,148.84448125555767,145.12638621472706,147.9463931611112,408718.0
2020-08-05,148.02653015326152,148.88683754624483,147.83441188826382,148.69385318688367,141474.0
2020-08-06,148.86232242919473,149.42186810262228,145.70726327781895,146.25701609120247,388248.0
2020-08-07,146.06237452114877,147.6809237854669,145.3059259542588,146.92003345270953,257479.0
2020-08-10,146.69210612058308,151.16675809671187,144.23482407710435,148.6762392631157,483348.0
2020-08-11,149.0167688730047,149.83335986261505,147.58663652820965,148.39984687179413,470310.0
2020-08-12,148.4214910430658,152.05769240177912,146.24999109266582,149.8650719529116,584401.0
2020-08-13,149.73274794271435,151.69106317959202,146.97794009480933,148.9257001660357,773490.0
2020-08-14,148.7945925073965,149.35552770301854,146.3303369295578,146.88406971642672,437789.0
2020-08-17,146.74899183092774,147.4872969830128,146.3770468994212,147.11442583508767,1101481.0
2020-08-18,146.96667142284986,149.35795292178813,142.37180004922098,144.72663410228776,485522.0
2020-08-19,144.44726075555198,145.6353854672792,143.2236919721691,144.41152272723443,261951.0
2020-08-20,144.09263832659076,147.8428123271552,142.5551673094393,146.2819809848492,353335.0
2020-08-21,146.24081798056423,148.34197181201247,141.5879256031952,143.65188221169814,381132.0
2020-08-24,143.52711432228742,146.0800788856417,139.37595611969255,141.8999782724465,560649.0
2020-08-25,142.12765993054563,142.46827998086664,140.18895241958717,140.52573332754565,302882.0
2020-08-26,140.58816414710006,141.21169859667887,139.84470533862523,140.4677055320189,392703.0
2020-08-27,140.5205386922278,142.15631117170935,138.38587142648765,140.0157679673492,414813.0
2020-08-28,139.86837061345383,142.74854646481361,139.0441001008587,141.91223109945386,369813.0
2020-08-31,141.88788932831002,143.90539220240007,141.21995550602634,143.23113508307185,612048.0
2020-09-01,143.30444104950297,145.41528369158937,141.83221603918253,143.93656461786006,571791.0
2020-09-02,144.08275054331256,144.5625259165927,143.68883425985874,144.16837553794338,705475.0
2020-09-03,144.14919100887366,145.37577581662947,143.5148041114274,144.73879413184318,387546.0
2020-09-04,144.96034355956098,145.4057295126353,143.15696249334007,143.5981631914224,715696.0
2020-09-07,143.59978927477985,146.09914763571467,142.31117766800674,144.79976786316163,256376.0
2020-09-08,144.9625788125124,146.03826772281775,142.25611408860527,143.31961142635612,253887.0
2020-09-09,143.2201391209173,146.85788867604788,140.87212709909184,144.48907320779935,272251.0
2020-09-10,144.11834239158853,147.98159626646083,142.31388899252778,146.15168413426358,444047.0
2020-09-11,146.20728541748866,148.7132099405544,143.97552166445817,146.47732421239346,715653.0
2020-09-14,146.62798769039065,148.03636747964714,144.86281073742833,146.267730209435,347717.0
2020-09-15,146.3870570011249,146.85768565919855,146.38565546984273,146.85627963550965,365610.0
2020-09-16,146.94418375409634,147.62481714803272,142.3097568870666,142.971991412222,405791.0
2020-09-17,142.9013698897883,143.88014418895756,142.43723614989617,143.41434434361167,556338.0
2020-09-18,143.25045016762562,144.37925942588916,142.16574140859615,143.29421924242956,365474.0
2020-09-21,143.40631933605042,145.43867815727327,141.22880767784426,143.25907981600614,357408.0
2020-09-22,143.34569641952785,145.87507062521777,141.73314318915783,144.25231844012114,258291.0
2020-09-23,144.13768345864344,144.7356314120084,143.5862800289893,144.18405060332344,351974.0
2020-09-24,144.4109527480135,144.66237917748327,142.42381709819878,142.6722163037104,708556.0
2020-09-25,142.49379590272187,143.56811336847872,141.4407751176193,142.51493635666282,458800.0
2020-09-28,142.3971157353122,143.97561362616398,141.06295874154443,142.63918858654563,329081.0
2020-09-29,142.97041199447276,144.5189996496719,141.2804369751363,142.82747642002403,725385.0
2020-09-30,143.00341948842427,143.67110974301295,142.41214623728857,143.07952183310252,350079.0
2020-10-01,143.00693733788282,144.8662055615232,142.66964810850158,144.52533511276258,780728.0
2020-10-02,144.5842157223938,147.19612310691312,140.49835436387485,143.08314497249472,775639.0
2020-10-05,143.1145404841494,143.41709718218442,143.05185612662075,143.3543078062524,452437.0
2020-10-06,142.79752259492022,147.2253673545824,140.75193509892256,145.1461357614113,242943.0
2020-10-07,144.95977087399814,146.49649855919154,141.30575388546984,142.81979555719107,1105491.0
2020-10-08,142.8095031473947,143.88703888225263,142.01984231580929,143.09579500847383,516541.0
2020-10-09,143.02348562096284,144.9112824031057,140.46088298295808,142.3396537254525,388654.0
2020-10-12,142.38951478014116,143.0081955112525,141.25855369189526,141.87499885750393,648522.0
2020-10-13,142.10230712331222,145.21401210074185,137.6189917376301,140.69998926528572,585910.0
2020-10-14,140.6358820860209,142.1111483240613,139.03358756877793,140.50750715762132,747415.0
2020-10-15,140.29703229335766,143.2954327120021,140.01388317092517,143.00681467486228,339443.0
2020-10-16,143.07267502802466,145.54842770505218,138.8955270859736,141.34132011799875,502519.0
2020-10-19,141.27590199566635,143.581283133246,137.53881040311944,139.82044090454278,275310.0
2020-10-20,139.78951615237324,141.00228335428466,136.94460828638225,138.14309165870975,577540.0
2020-10-21,138.08597434260966,140.58257183650935,137.95483143621206,140.44918454391896,438371.0
2020-10-22,140.89617250554997,141.33691454161433,139.43201663472055,139.86954724993944,495045.0
2020-10-23,139.42604022678645,141.67869753243164,137.62133687762494,139.8682700471149,417258.0
2020-10-26,139.7913061156667,140.57823172018806,138.58488868195334,139.36943947742142,400154.0
2020-10-27,139.36871075800644,140.25912320170022,137.28074034943063,138.1634525214793,312609.0
2020-10-28,138.01056737553793,140.3385119914666,135.56304893833254,137.88894199284687,606932.0
2020-10-29,138.06491543091747,142.5068470171896,136.74982230680254,141.16225121328276,802817.0
2020-10-30,141.32506055573626,143.86753945398237,140.53197493032778,143.06469139713812,354099.0
2020-11-02,143.05500827539294,144.4119722652263,140.6029078263441,141.94938429853667,552062.0
2020-11-03,141.89493671565285,144.7011841590648,140.0600892326005,142.85393583103632,525904.0
2020-11-04,142.831269010283,144.81957477001689,139.79543857594487,141.76895623909297,443849.0
2020-11-05,141.74790211828818,142.7901823565847,138.41639254375056,139.4417152613296,240232.0
2020-11-06,139.42622647210058,142.7940316542158,137.4760917024525,140.82434164676863,262856.0
2020-11-09,140.78682207348487,143.1162860093433,140.08831326349713,142.40972522310474,323711.0
2020-11-10,142.46069043011747,144.30630116091223,142.01659925561617,143.85785462153893,188038.0
2020-11-11,144.0115160750948,144.42909661963046,142.838578634574,143.25396255191384,777013.0
2020-11-12,143.00438400239935,143.9548395595064,142.11164020448604,143.06173771542583,512513.0
2020-11-13,142.84885214601877,144.13353512490445,142.82796979112945,144.1124680483648,437143.0
2020-11-16,143.7557575630004,145.18504681981602,143.2542314350962,144.68029522254383,184224.0
2020-11-17,144.85807217590258,145.81074969322458,143.22856482643962,144.17676161831236,213299.0
2020-11-18,144.22792459735385,144.4241335005303,141.8277180042228,142.0209244855558,441999.0
2020-11-19,142.1226691116725,143.27971962482957,141.0505589975762,142.2069735555579,973055.0
2020-11-20,141.91913638739308,144.51223899108803,141.1147628092774,143.6977843382641,334550.0
2020-11-23,144.06178938111455,144.1488902360402,142.02804997044083,142.11397316084663,625008.0
2020-11-24,141.99138667079828,143.66832356698305,141.3354197793107,143.00766172319837,365141.0
2020-11-25,143.04176014742265,144.10519008701678,142.42831518069673,143.4898235678035,452298.0
2020-11-26,143.6636916159065,146.19565614337188,142.02231635214434,144.54422072672583,719185.0
2020-11-27,144.34215740407208,148.1640310537781,141.97568102780065,145.77407846361982,385239.0
2020-11-30,145.66124316529974,147.78995174651945,142.73747851787758,144.85439574687476,335695.0
2020-12-01,144.89118649913033,146.10117032406328,141.49966189355936,142.691274289183,780140.0
2020-12-02,143.27035829929187,143.79536773246787,141.4864605715815,142.00683988380996,450549.0
2020-12-03,142.0674619362045,143.64479377537663,141.66431168506043,143.238320933034,684526.0
2020-12-04,143.5648179042066,145.44002804984817,140.67801265079297,142.53983470510317,336348.0
2020-12-07,142.78362657468722,143.26100643786307,141.16756135245598,141.6411213871038,776591.0
2020-12-08,141.71502140393156,142.56206522712893,138.4244250520131,139.2567757127781,493585.0
2020-12-09,139.06166711033933,144.12052450001866,136.60153344124717,141.61521611094358,526452.0
2020-12-10,141.82809043456314,142.82204855697552,141.764195214032,142.7577345208647,466331.0
2020-12-11,142.45492836884856,146.23705499939624,140.07449958057245,143.83358872937742,361425.0
2020-12-14,144.16032159851605,147.10716013684834,142.2554503175044,145.18870031044065,442116.0
2020-12-15,145.22986436508106,146.73103736961906,144.5187627591959,146.01608611784042,370632.0
2020-12-16,145.46862908903256,148.5649299983817,142.62182386230697,145.71333588628747,649409.0
2020-12-17,145.64302838833694,145.68397128167317,145.4810431839502,145.52195204053197,407900.0
2020-12-18,145.65689652616612,146.02025338109686,144.6073668890125,144.96900773107265,243141.0
2020-12-21,144.92031360724084,150.2984314144708,143.32123120854664,148.65810540455132,225986.0
2020-12-22,148.8088356803628,151.00460324256468,147.28694084973688,149.47588636415654,221752.0
2020-12-23,149.29590685340952,150.38233710490633,147.77370512537286,148.85694101085676,566475.0
2020-12-24,148.5816533387875,149.68196934548556,148.44854547216826,149.5479957745404,279120.0
2020-12-25,149.53285266212885,151.27714592528716,146.43258990184196,148.16087916260315,498837.0
2020-12-28,148.1675080475903,152.52861259637615,145.98777565716804,150.31725469998986,467255.0
2020-12-29,150.2430481054284,151.8825964689686,147.78552849196484,149.41605214594864,431109.0
2020-12-30,149.67619080276197,150.20500507598317,149.63152026882034,150.1601900935048,527214.0
2020-12-31,149.97934768733884,153.370257132583,148.34372056160086,151.71569396587248,471334.0
2021-01-01,151.78305103863897,154.514175563948,149.58023007554553,152.30379703634168,149658.0
2021-01-04,152.31847044401925,153.00257463484027,151.79179432826282,152.4753560510438,388695.0
2021-01-05,152.1392995928098,154.11934023935828,150.5504778308648,152.52647512430346,524416.0
2021-01-06,152.24158571088142,155.01956832170308,149.7066947773815,152.4806960927104,852657.0
2021-01-07,152.48327033604352,153.41399722846054,150.7615350404914,151.68740412731705,868552.0
2021-01-08,152.11395417709397,154.2047663009453,149.00314174052,151.07973853071687,256463.0
2021-01-11,151.203831640109,154.1443608047246,150.31398140632365,153.24251272130124,384658.0
2021-01-12,152.86816136927553,154.19817955384696,151.79288651302107,153.12112534861566,236465.0
2021-01-13,152.4475457676121,152.98830741667047,151.4845789832575,152.0238376556942,812567.0
2021-01-14,152.18187339149478,152.69335462006538,150.81067905474387,151.3192610548591,663406.0
2021-01-15,151.29862708537416,153.9817663695689,150.264520625209,152.93646549664254,509016.0
2021-01-18,153.18405456600925,154.04660627528702,153.0897253883556,153.95180432516605,472805.0
2021-01-19,153.75974613697505,157.61500618423577,150.96888271074275,154.8051675166491,768543.0
2021-01-20,154.88202871189745,155.39203725386562,153.95630269406746,154.46493780409182,718219.0
2021-01-21,154.65030463358258,155.9045509195553,154.08853481238503,155.34027477028266,703074.0
2021-01-22,155.2417860817831,157.53825326990736,152.14997904824378,154.43450424382053,531082.0
2021-01-25,154.34126638751147,156.55817074088043,151.8787173298112,154.09204190932192,384734.0
2021-01-26,154.09755953522335,156.24824670973612,153.40270608653654,155.54685811461928,601300.0
2021-01-27,155.66654633722527,158.43096903265678,154.1213052519418,156.87374456148788,613182.0
2021-01-28,156.87055746188562,157.0531460670883,155.2802647345014,155.46121294105652,409931.0
2021-01-29,155.6759769152331,156.57560998649578,153.35412534268391,154.24549180959,384424.0
2021-02-01,154.14453546691524,155.41922834360014,153.16718643894342,154.440005893819,696153.0
2021-02-02,154.14949623857902,157.6875130474235,153.49048257654067,157.0162435836336,860825.0
2021-02-03,157.45683567715594,159.08140382450577,152.64437460755948,154.2357086283658,327827.0
2021-02-04,154.10358713394626,155.78724776476963,152.99839737525116,154.6779389085829,398176.0
2021-02-05,154.55336648750003,155.68945543233272,151.59279592167323,152.71537417570983,509087.0
2021-02-08,152.70113146777632,153.26415481085058,151.27830989664844,151.83815135137993,537476.0
2021-02-09,151.85261010992275,152.35418112552108,150.8515575521572,151.351473306808,358991.0
2021-02-10,151.26854444695803,151.92889571200843,150.12818481421047,150.78643145184222,939787.0
2021-02-11,150.7827055310365,150.85390943298955,149.9919118589609,150.06277578951907,523786.0
2021-02-12,150.05431884007965,151.63231853502333,148.5305320928646,150.10798679504063,547191.0
2021-02-15,150.14518562660496,150.4964042886143,149.03608509181316,149.38552676465054,894083.0
2021-02-16,148.88719934676328,148.94936508173635,147.3081985578822,147.36973069537726,369673.0
2021-02-17,147.76312656242686,149.25224650843654,147.0089478000488,148.49433567570424,427038.0
2021-02-18,148.46333900184408,149.6671386164095,148.3861432012163,149.58935732520487,267981.0
2021-02-19,149.71251333500265,151.01206400485037,149.52294386525188,150.82109082846927,412941.0
2021-02-22,150.5267832797471,151.40345528773005,147.81002217830041,148.67591467809106,243879.0
2021-02-23,148.5766947153416,149.31264980734545,148.39592825858728,149.13120869883497,596682.0
2021-02-24,148.9891665483121,151.54820591090035,147.57353514553782,150.12181258938315,523346.0
2021-02-25,150.4348629366138,153.76926578398493,145.40483373835315,148.7008009388945,396001.0
2021-02-26,148.57738401354862,150.23699871149654,147.09046157269432,148.74836513760533,424994.0
2021-03-01,148.9082777879332,149.29253511375939,148.23616925226924,148.61968185723623,599941.0
2021-03-02,148.48273483447971,152.9398852455725,146.83822527420136,151.2645657228024,280880.0
2021-03-03,151.16755653308832,156.9579210082099,148.34039398561933,154.0763575464728,480060.0
2021-03-04,154.02274296640832,157.7451340997258,148.041126588524,151.7075649584848,585256.0
2021-03-05,151.98387541510778,155.94745588542264,151.41044847651406,155.36128615883342,216878.0
2021-03-08,154.94569004511942,156.9640446388467,152.05260644297755,154.05941625102483,581854.0
2021-03-09,153.77239736677097,155.87761668502665,153.42860656363987,155.52989661962232,226472.0
2021-03-10,155.10121886374523,157.3044091879701,154.79981491574097,156.99931671842302,422085.0
2021-03-11,156.75750605045647,158.1208416811445,154.21242882183427,155.56539655762393,277796.0
2021-03-12,155.38654713364366,158.01001721728178,153.71527412412618,156.32861175292524,784262.0
2021-03-15,155.9712920865709,156.796119124417,155.382320305501,156.20626006781995,278494.0
2021-03-16,156.04380314680768,157.0845720135529,156.02258589902442,157.06321615636648,228645.0
2021-03-17,156.6153478751357,157.9596203871947,156.10107720996197,157.4426332029722,466653.0
2021-03-18,157.2156287985567,160.05187806273977,156.44348258693205,159.269643796186,374939.0
2021-03-19,159.54086156456805,161.6259646782942,157.33679168544538,159.42031938538292,242355.0
2021-03-22,159.51153904852382,159.66755166908655,159.04903693581963,159.20474949632222,545974.0
2021-03-23,159.24705748249272,163.59707562495097,156.57736875032467,160.8996815652127,199466.0
2021-03-24,160.6711564825504,163.0308026128783,159.47118864612978,161.82223795809898,292291.0
2021-03-25,161.4703025192724,164.1270950327567,160.33693300339425,162.98310705320142,351482.0
2021-03-26,162.7201665364739,162.8119104680859,161.90924556844843,162.0005837891288,609802.0
2021-03-29,161.99066250117195,162.49232729279046,159.9489319365581,160.44581252128916,742804.0
2021-03-30,160.6433666148136,161.60318155121846,158.67089189083296,159.62462000126607,687703.0
2021-03-31,159.82890820380823,160.28073232596248,158.2792583855126,158.727970240089,416104.0
2021-04-01,158.8699061523337,163.97204410370824,154.87381833479822,159.94881818718915,167557.0
2021-04-02,159.78169688577813,166.14147520930896,155.15739353561528,161.46835756573864,517281.0
2021-04-05,161.47397613531177,163.41541961758935,159.33045252197522,161.26943677448432,796697.0
2021-04-06,161.19600168516334,165.40356490522518,159.32212238649103,163.50286862500144,724702.0
2021-04-07,163.45625084539535,168.62394053230693,160.54122181515493,165.66944212240924,532416.0
2021-04-08,166.14848025560676,166.17599882662142,166.0621123153064,166.08962113769854,274910.0
2021-04-09,165.67534634003755,167.69894657049548,162.82973086650404,164.84316664546742,358569.0
2021-04-12,164.7883451147853,168.01788258761272,164.13500964464677,167.35437359807662,958884.0
2021-04-13,167.642050473617,167.66014768831766,167.27884985857605,167.2969098148169,251025.0
2021-04-14,166.9496768872685,169.12972928499985,165.361047738202,167.53552542574215,279530.0
2021-04-15,167.38273133828838,169.99014703522698,164.43566801120082,167.03770910115517,645010.0
2021-04-16,166.91250422779956,170.44459199719287,162.1718496260813,165.67780963659456,372330.0
2021-04-19,165.62538365104987,166.37389905591849,162.6940140813831,163.43261966696468,275763.0
2021-04-20,163.06334364185977,164.46809815943155,163.04660474000534,164.4512167885717,815200.0
2021-04-21,164.59002919407618,166.60400015859128,161.27853398827602,163.27643139204568,532013.0
2021-04-22,163.4306981510986,170.56122858812046,161.04257903502403,168.10480936402138,379754.0
2021-04-23,168.22598165666503,168.34727790348617,166.30726355632189,166.42726287007864,279761.0
2021-04-26,166.222078341233,166.67625469451585,164.05049146521856,164.4999624006313,1003458.0
2021-04-27,164.52013421481627,166.08508166934078,163.77211582285358,165.3333657836137,438107.0
2021-04-28,165.1227270329643,168.70756277039692,164.20886293964531,167.77899767012957,773694.0
2021-04-29,167.6999233682737,168.1536174042744,167.46718271749688,167.92057053055422,632511.0
2021-04-30,168.43388973664935,171.17208027589922,166.13813066919616,168.8703719426318,359202.0
2021-05-03,168.89327830470938,170.62815148069598,164.28775768663613,165.9928375103761,360347.0
2021-05-04,165.71367988731694,165.87717161247548,164.80926142358945,164.97202143474604,789003.0
2021-05-05,165.0141938906253,166.82103972962767,161.5563963096539,163.34496469166072,794134.0
2021-05-06,163.03229689969646,163.34214927438876,160.1784618925595,160.48347007343366,208821.0
2021-05-07,160.21097006153303,160.905233542982,160.0047839455598,160.69842009525271,551233.0
2021-05-10,160.46145981347138,162.29959765627913,155.56262857514815,157.365298894734,421474.0
2021-05-11,157.26622938130754,158.395248139543,154.33174638776592,155.44770994294728,292632.0
2021-05-12,155.65428610576302,156.9424669167886,153.4164608920996,154.69671694727,491245.0
2021-05-13,154.82358968340185,155.5351990626175,152.81650726163818,153.52213481669077,257857.0
2021-05-14,153.63597931146708,154.13571730388625,153.634459086771,154.1341921493849,367110.0
2021-05-17,153.89430281471317,154.79304051496598,153.71802291309186,154.61593401304611,321454.0
2021-05-18,154.49735182844094,158.4779507813838,152.00668445048368,155.96364514116956,362248.0
2021-05-19,156.0237846690487,157.4556710138955,155.683510769281,157.1130215859718,429943.0
2021-05-20,156.97316531823267,160.04649387820825,155.79363453566089,158.85283881682562,294718.0
2021-05-21,158.79017621377048,159.45501148362584,158.22250794011998,158.88699707940884,830075.0
2021-05-24,158.98642266017228,159.71885780872668,158.64881253114106,159.38041103927497,538915.0
2021-05-25,159.30164258730977,160.43578494275275,159.05717941198063,160.18995856400127,906934.0
2021-05-26,160.24129314818077,160.63288170238184,160.05057168361583,160.441921447164,414973.0
2021-05-27,160.80452507037478,162.3703520931763,158.32135235023136,159.87815892323164,355217.0
2021-05-28,159.83921943266188,159.89411438832178,159.3591355121005,159.4138843912948,893915.0
2021-05-31,159.68057617631544,161.180473161003,156.73779267926673,158.22400796059966,351082.0
2021-06-01,158.34950284557164,160.47088344941912,156.77666805232354,158.89265371291705,411961.0
2021-06-02,158.56256071732375,159.3504541340329,158.00148372672746,158.78857737867747,590083.0
2021-06-03,158.54072223801728,160.61050131218127,155.77290204014017,157.83344750912764,269658.0
2021-06-04,157.64707565965804,159.04938160346455,155.48990888950422,156.88543991325764,588021.0
2021-06-07,156.69547033062474,156.8322189414903,155.00210769467097,155.13749665719982,558684.0
2021-06-08,155.11764441020296,157.87374774664414,153.8714864295584,156.61555609563155,735077.0
2021-06-09,156.7520552661587,156.90516297453397,156.61539443949366,156.7684878215075,631604.0
2021-06-10,157.04763029732945,158.8337256191402,153.7629973356229,155.5318538025647,744145.0
2021-06-11,155.59980450938284,158.29208896462967,154.08027674817527,156.76121927415102,423298.0
2021-06-14,156.6622258308884,158.82368907802223,153.81769692467515,155.96960409394381,313305.0
2021-06-15,155.50996966405503,157.07752824540222,152.39454234617003,153.9463393521093,1028893.0
2021-06-16,153.96174265692926,157.46936905856532,151.98708560079925,155.47529967317476,240223.0
2021-06-17,155.48097863912318,156.55804468015097,153.65249052432011,154.7243149158034,250045.0
2021-06-18,154.76443659432778,155.446237904711,153.48443723665093,154.16359157638905,554627.0
2021-06-21,154.6245061064002,155.84639621258643,153.04054354310492,154.25954965184317,847456.0
2021-06-22,154.53103522627367,157.089773415794,153.42197845730195,155.9703865386111,477262.0
2021-06-23,156.14403438458112,157.6579387958233,154.5234333944831,156.03629319416464,659819.0
2021-06-24,155.82366458838248,155.88142360216887,154.25706039993202,154.31425992408603,199123.0
2021-06-25,154.20209854271855,155.22299102210425,154.12509033281574,155.1455116736301,362283.0
2021-06-28,155.12465692718115,158.53673124701905,151.074436047217,154.47215820553552,209069.0
2021-06-29,154.30248095510453,158.2261755851861,153.38330739573252,157.289210202016,604504.0
2021-06-30,157.40082159242988,158.28264652615093,156.44282374874123,157.324219525793,238258.0
2021-07-01,157.40382537923557,158.4227167523564,153.07510103664777,154.07242792671596,265368.0
2021-07-02,153.8349495892935,157.7537352640867,150.72689139326587,154.62962163353745,543405.0
2021-07-05,154.89214682861092,159.9596881926965,152.50702250164866,157.5338847638952,676528.0
2021-07-06,157.5567306086517,161.20775650768408,156.30246763551708,159.93456429718665,415157.0
2021-07-07,159.5430880802287,163.12793252224657,159.18595542020182,162.76359085844743,555747.0
2021-07-08,162.751746712475,163.39316978591995,160.6048808062215,161.24034728327555,548595.0
2021-07-09,161.3046260908147,163.1854981826305,160.79744317287714,162.67400957348403,405887.0
2021-07-12,162.89845977958936,164.90599376786975,159.61406058535562,161.60566234944875,285534.0
2021-07-13,161.52838034646803,164.13521476794114,159.38552260262833,161.98628243196032,554575.0
2021-07-14,162.17648364744093,164.35652282140546,157.93490679493343,160.08685638907875,565371.0
2021-07-15,160.12932487318815,160.43226285059498,158.85097454570257,159.1520637079656,632610.0
2021-07-16,158.855694125138,160.42553313359528,156.61209287736693,158.17520719818518,501233.0
2021-07-19,157.85825570680214,159.6066241141544,157.81323136080752,159.56111407874067,277229.0
2021-07-20,159.81519050062357,162.29863660456522,158.33619600193254,160.8104317403649,583113.0
2021-07-21,161.0832604373365,163.32438782830357,159.03044966206974,161.26920738472862,442169.0
2021-07-22,161.3430341001045,161.69367899983976,158.91544414506404,159.26156541362462,364727.0
2021-07-23,159.59955249353604,160.74120911323448,157.6941458013313,158.83029975850062,393228.0
2021-07-26,159.06834280454282,159.37681633257847,157.4453159495048,157.75123527474082,335674.0
2021-07-27,157.90416282950594,161.19675248094822,155.813121909462,159.09000804288686,631301.0
2021-07-28,158.88465008068846,162.1447040561935,157.66402422274922,160.90852981184963,250886.0
2021-07-29,161.30389546948274,162.73813104680997,161.12777736525916,162.56064077732984,297332.0
2021-07-30,162.6842559212515,162.97607655111239,161.1527531111499,161.44234602126502,387895.0
2021-08-02,161.35408136580088,163.55122305064185,155.2108651318469,157.3535317501232,843656.0
2021-08-03,157.20455961261393,157.85488007389569,154.14390652577524,154.7842145553695,674490.0
2021-08-04,154.84055957573875,157.99022148962985,153.77861298714683,156.91405420489775,229501.0
2021-08-05,156.54284248056834,157.35308941336098,155.547405097753,156.35668852002567,759594.0
2021-08-06,156.5118233660406,156.79655047093212,155.0051673868297,155.28766750114727,759008.0
2021-08-09,155.07792873420047,157.88916510415558,154.94463344476068,157.75357000080945,276619.0
2021-08-10,157.83645776612207,160.94144682413952,156.59754324993875,159.68799890278487,161364.0
2021-08-11,159.56998083254067,162.81620618099848,156.51958382716998,159.76213587097027,429816.0
2021-08-12,159.7022717082336,160.54873860152,158.51233559604313,159.35697230551597,693128.0
2021-08-13,159.18610280548089,159.73655968198355,158.64486480943367,159.19529044765014,836101.0
2021-08-16,159.15891509910813,159.7800215285195,158.953994817052,159.57456608751406,312284.0
2021-08-17,160.00247050232767,163.879997960228,158.18888660773052,162.0432820295686,891617.0
2021-08-18,162.36170772679566,165.73622583593217,159.36165124579767,162.7293757286097,181467.0
2021-08-19,162.81115585321956,165.0636943091439,161.64298097135782,163.8877945129021,381849.0
2021-08-20,163.88191903567252,167.9124499236691,161.74103248449924,165.747196152987,374413.0
2021-08-23,165.94563845225363,167.14797036593583,162.77562803818813,163.9635994130018,701471.0
2021-08-24,164.22641104421794,167.84454964815046,161.573000112569,165.17579942070532,743646.0
2021-08-25,164.98164095025948,167.8669921590741,161.87370276241234,164.75509187184738,648028.0
2021-08-26,164.73700946429395,166.21761069356882,159.47545940164937,160.92177053749987,257759.0
2021-08-27,160.50674499173962,161.5780737439474,156.70187774697615,157.754838444887,624713.0
2021-08-30,158.00616008797388,158.31257538935466,155.97782594427665,156.28089550605756,542323.0
2021-08-31,156.738983615593,157.16532035781225,156.67776127605737,157.1039554600587,226728.0
2021-09-01,157.12178878460742,157.81182479436228,156.6202147553517,157.30965105936983,193531.0
2021-09-02,156.8365599861547,158.5459588081365,155.9158861010926,157.62068191100263,670109.0
2021-09-03,157.75677061428254,161.6838371448927,156.68297562439722,160.5907522363852,411663.0
2021-09-06,160.38509887291946,160.67471970975507,158.42688066654907,158.71348292614294,264587.0
2021-09-07,158.564329137269,162.24130234669363,155.0355967571145,158.70934279438623,407066.0
2021-09-08,158.8503533511354,161.795763530457,156.26400446135398,159.20366218318188,511763.0
2021-09-09,159.26111268012593,159.5928996019876,157.8073243394304,158.13676892833809,427992.0
2021-09-10,158.02740313588464,158.89707625077347,157.34712195138016,158.215983260796,237805.0
2021-09-13,158.07037618981957,160.24776234733434,153.73119261159047,155.8783845456303,940553.0
2021-09-14,155.90618884586314,158.45412219549866,155.46380405736198,158.00577980448637,661118.0
2021-09-15,157.91410572146836,160.06928035104025,154.88491297073318,157.02799415778264,386872.0
2021-09-16,156.78130936508683,161.98717674969535,154.94174417935804,160.10857173174247,393156.0
2021-09-17,160.0331200983475,163.7234540246859,156.40787710895935,160.09676918742394,510831.0
2021-09-20,160.17384668147062,163.35824201113573,158.5285047559994,161.69725132909082,281574.0
2021-09-21,161.6564379603196,161.97599680931629,161.3339602449622,161.65351331258032,503365.0
2021-09-22,161.32997115526527,163.8208983376447,159.15754468168717,161.6442400033619,259810.0
2021-09-23,161.8710026912071,163.65847322919683,159.0165784979593,160.79213557927721,430106.0
2021-09-24,160.16916646934666,161.449861610226,159.73236044406153,161.010760428387,277221.0
2021-09-27,160.90892707166915,163.73736991464494,158.7130216899344,161.53294858402998,282877.0
2021-09-28,161.39101565049344,164.2382857020576,157.54831765163783,160.37771091990723,854515.0
2021-09-29,160.41139759646663,161.26090879767975,159.3771493410849,160.22567699791696,453019.0
2021-09-30,160.35328036511117,161.15963159516068,158.54052949565977,159.3417943753072,480683.0
2021-10-01,159.5964727469453,165.91090007017942,156.62679176169257,162.88011885359097,197886.0
2021-10-04,162.71573545188548,165.2148063752405,160.28191113296253,162.7800205110805,348432.0
2021-10-05,162.91541247176914,167.7255488823107,160.43753684446614,165.21273198128537,532046.0
2021-10-06,165.25859255687553,166.13223237331326,164.07408789240276,164.94607558737655,478138.0
2021-10-07,164.5464213119405,166.08782682351156,163.8514031651718,165.3892487066793,186911.0
2021-10-08,165.83536868187704,167.7502458208853,161.4886978784486,163.3751674275884,480631.0
2021-10-11,163.0423404909852,164.71829111373216,161.05170475981615,162.7243870643969,512278.0
2021-10-12,162.8211687432527,163.70828112906221,162.20034338495373,163.08644429424413,739334.0
2021-10-13,163.17660974075707,167.32793217176268,161.4615340456095,165.5875165235847,340411.0
2021-10-14,165.65222063082564,167.13488959918132,164.49347846886414,165.97389729944908,180443.0
2021-10-15,165.85759089191808,169.25111411457567,164.81858591312724,168.1974512204135,296942.0
2021-10-18,168.39478183124982,171.19837127411296,166.46462533623497,169.25831686107264,285265.0
2021-10-19,168.88439660090285,172.7787050955773,168.0421147807007,171.9212773560265,594029.0
2021-10-20,171.90523724093322,172.45216817731347,171.31864863394281,171.8654529934014,149239.0
2021-10-21,171.72815003668708,176.29308242093776,171.27809486352257,175.83227140458436,369778.0
2021-10-22,175.66355700533077,175.72034116949976,175.011870261086,175.06846205769864,782554.0
2021-10-25,175.1748822456698,176.32727759397466,172.70200319783638,173.8456541631596,443692.0
2021-10-26,174.11135099879152,175.89214820092226,170.1510351731885,171.90931007395614,633191.0
2021-10-27,171.82569321699486,176.2938419222491,171.32222241515788,175.77878805741506,229413.0
2021-10-28,175.9733969455444,178.9347322456061,174.23707261228424,177.18643886341115,233096.0
2021-10-29,177.19893108351604,177.32634158757625,176.542071253343,176.66910079605327,786145.0
2021-11-01,176.44569763354303,179.60341081006237,175.66100469761045,178.80821125495666,460693.0
2021-11-02,178.7428486468037,182.50054698949603,176.27574033254152,180.01586775671018,461072.0
2021-11-03,179.93947059372744,184.9779334496788,178.4251976460043,183.4342503319778,282869.0
2021-11-04,183.25321260035668,184.49854231628768,179.5843314514203,180.8130788052592,460613.0
2021-11-05,180.92292309793953,181.27820779259943,180.04806368034406,180.4023260603277,279743.0
2021-11-08,180.46233419181118,181.76005588312475,178.3655587344067,179.65749273477894,711228.0
2021-11-09,179.2529050531963,180.45047701918676,175.2007540901205,176.37912660994812,1317349.0
2021-11-10,175.96673801455282,180.89944145348105,173.29783587361575,178.1967170353903,536905.0
2021-11-11,178.30401192168125,180.9655449637278,175.12968436619062,177.78344696711144,343184.0
2021-11-12,177.57812619881983,179.6370091152989,177.01787560705978,179.07204527947607,160578.0
2021-11-15,179.14872298855698,183.45648187491955,178.85137856866183,183.15249214715948,225531.0
2021-11-16,183.35532973622688,185.87556572591782,180.07509548140257,182.58473963883236,824016.0
2021-11-17,182.2561264062445,183.30104409465267,180.85909900553824,181.9019863246925,293116.0
2021-11-18,181.53842500813545,182.83877563132404,180.85048371647815,182.1485223709044,381424.0
2021-11-19,182.58132589365212,184.58195855681478,181.902795939436,183.89853344273718,575003.0
2021-11-22,183.99019379030494,184.25424641901094,182.6964771550636,182.9590499427089,800439.0
2021-11-23,182.8503647173166,183.99342321076068,180.7766896954848,181.91389399875334,408467.0
2021-11-24,181.67324730962227,186.34946193101666,179.1363183993753,183.7830709363222,376297.0
2021-11-25,183.65015529794292,185.3358403417293,182.80295872348321,184.48479349759512,455271.0
2021-11-26,184.17374204792992,185.5783441805296,179.61641917881113,180.9967922852631,344189.0
2021-11-29,181.22356376206255,181.38540540580397,178.79504163904127,178.95485721515055,351678.0
2021-11-30,178.75794683946,181.7665567827532,178.5484720899071,181.5538057489556,521650.0
2021-12-01,181.83542136766215,184.3794249456716,179.74830730070573,182.28712619309027,476449.0
2021-12-02,182.18364599692438,183.2171885244764,179.99424658749916,181.02119443351194,1037830.0
2021-12-03,180.75369634018884,182.08280300458796,179.44311108811115,180.77208442657928,527308.0
2021-12-06,180.66289027843575,180.90836907983146,180.59144034156594,180.83685034390902,701137.0
2021-12-07,180.16549383112638,184.70796113300742,177.62624517901259,182.14087154919596,288222.0
2021-12-08,182.1096965510224,184.33103014478598,177.66617680031175,179.86006994889658,545830.0
2021-12-09,179.8167070850394,180.15139623144194,178.14593216979458,178.47812984986174,331309.0
2021-12-10,178.68688616430376,179.42434953543003,178.24403969713606,178.98077471315807,518234.0
2021-12-13,178.5028933452289,179.70987370952008,177.64840429815376,178.85370533391253,582687.0
2021-12-14,179.1484826176525,180.17138193880442,178.84301788620786,179.86469599730833,451327.0
2021-12-15,180.07401656386006,182.93312550929383,175.00515931032595,177.82861712888922,1158840.0
2021-12-16,178.1444728491486,178.60365676967442,178.01238361373166,178.47132518222668,783238.0
2021-12-17,178.4579893167375,181.05506494187802,177.77396651878354,180.36373748248792,708495.0
2021-12-20,180.62311798817552,182.02467675120894,179.8386800331238,181.23757025800225,600618.0
2021-12-21,180.8600307051093,183.59885603344426,178.7869933388616,181.518273813016,895685.0
2021-12-22,181.7018179770283,182.6573859187633,180.44221431940372,181.39617488735814,249001.0
2021-12-23,181.1980134708769,182.60200409086409,178.617997217526,180.01280439007752,765369.0
2021-12-24,179.5919515688969,181.7993952118663,177.72841107949415,179.93232285112788,297599.0
2021-12-27,179.64586145978282,184.3544188016871,177.4511121780164,182.12932878133657,353014.0
2021-12-28,182.13075661751088,182.34973582842244,181.7482361637159,181.96701850924123,553799.0
2021-12-29,181.7545443429387,183.72996049641313,178.5239281769007,180.48555217104257,724537.0
2021-12-30,180.58178277483896,184.25424256231292,176.0355749133543,179.6898965687502,278889.0
2021-12-31,179.229952549892,183.50736600018575,175.81189095681844,180.0732225592373,360404.0
2022-01-03,179.5311414379333,180.25259942767642,178.75938005624974,179.4806350828013,460014.0
2022-01-04,179.83009634113114,180.58805128117865,179.59034217318086,180.34760715433413,410632.0
2022-01-05,180.57878341265675,182.26193307373964,179.60371438883828,181.2830611700236,622571.0
2022-01-06,181.01365041597737,184.10951360308613,179.77166604493215,182.85489594079561,1748679.0
2022-01-07,182.8541185174891,185.85411620261266,182.3808993802904,185.37437474321348,523205.0
2022-01-10,185.64243720611069,188.9345783382486,183.89286890601457,187.1706079481581,329694.0
2022-01-11,187.28185047103162,188.20042247773125,184.65867545163073,185.5688455852634,263391.0
2022-01-12,185.6078351884408,188.69611993253903,180.9720760528153,184.03417707279414,388442.0
2022-01-13,184.32006318875258,185.22978064123538,183.03747179119108,183.94533978456045,303732.0
2022-01-14,183.75492850041726,187.16616615128547,179.80448030992673,183.20551868359348,533396.0
2022-01-17,183.21361495200844,184.77356798865907,179.74419203543638,181.2877474762105,530093.0
2022-01-18,181.28316130466249,184.37634782182084,177.49369605100586,180.57479591737206,367593.0
2022-01-19,180.504998496462,184.9585263381137,175.37252263087044,179.80887530257664,978702.0
2022-01-20,179.70955880862635,180.68485007945674,177.7427769415178,178.71265799002776,329661.0
2022-01-21,178.7311165686762,181.25686653803987,175.70318002476483,178.22173158837182,421775.0
2022-01-24,178.230423325126,180.30503385280107,178.18529997311683,180.25939681696968,571297.0
2022-01-25,179.99172910790213,182.45235937240426,178.18706714471304,180.641185723062,632112.0
2022-01-26,180.84659008286113,186.15630017716302,179.67009001978508,184.95308525138168,737507.0
2022-01-27,184.69730645185464,186.39010276586197,183.60524111721546,185.29450634937612,525129.0
2022-01-28,185.23720050274568,185.6803667559994,184.38822702288408,184.83042008417902,673582.0
2022-01-31,184.75308090681133,187.6391886580664,181.9965322432269,184.88073536733938,339068.0
2022-02-01,184.97459802152943,186.14094534520854,184.2078737682572,185.37257148216452,638727.0
2022-02-02,184.81663146979196,187.82647797768496,183.1821452135545,186.17993490217967,635325.0
2022-02-03,186.41518136169498,193.79718020165626,182.60325107190164,189.91370988623314,810296.0
2022-02-04,189.7315667977298,189.8849810523451,188.2943641258548,188.4467394873251,226982.0
2022-02-07,188.77287130476745,190.76410608149936,188.0405555855546,190.02692544946007,307776.0
2022-02-08,189.89818116880824,190.84712247348924,189.49693347937549,190.44471996820153,614925.0
2022-02-09,190.43153607457023,192.16105089945182,185.9775652867432,187.6821095948998,153193.0
2022-02-10,188.19189530727732,189.75175892720733,187.5412274506139,189.09795838451876,538640.0
2022-02-11,189.0236404829643,191.50944324798942,188.93650156552616,191.42119906848404,675982.0
2022-02-14,191.7576117125932,193.89792269238885,187.80149152060548,189.9213064993556,351319.0
2022-02-15,189.93181726452102,194.03946865096316,185.84228377742517,189.94955327931794,372475.0
2022-02-16,190.06142867015626,191.11985012742264,185.88053730719943,186.92147285671976,287893.0
2022-02-17,186.94000834444392,187.52978819163033,184.17147022137712,184.7543545163908,359109.0
2022-02-18,184.9765103715533,188.24548150071348,183.38190261001785,186.63656309534224,363296.0
2022-02-21,186.45530580268124,187.04824188090484,185.26810923028071,185.85914950524204,336672.0
2022-02-22,185.6001017254471,187.75275194429034,181.83122978216605,183.9649145696542,329367.0
2022-02-23,183.7984838665025,186.21789798214022,181.99376907767027,184.40720615749285,396963.0
2022-02-24,184.43326956414887,184.6687351760019,183.3076111560379,183.5419388075736,395046.0
2022-02-25,183.48450261823393,185.0028321612082,181.2573921564661,182.76980761667258,936264.0
2022-02-28,182.95389828758744,185.6040426424448,181.45322430762184,184.09401687324927,377878.0
2022-03-01,184.43477385633204,184.58703968388318,181.9762989407714,182.12665923296242,507707.0
2022-03-02,181.87493018180405,183.06602830652255,179.43447118913522,180.6173333174728,351248.0
2022-03-03,180.42953938329134,182.00863325750328,179.34652958606785,180.92266353316703,349466.0
2022-03-04,180.55473785791742,184.07598941604147,179.12529141735803,182.6301122983264,223743.0
2022-03-07,183.15643913417168,184.89603309594983,183.08349709037316,184.82242757232936,235968.0
2022-03-08,184.90225638507488,186.73010630627832,181.89138565807247,183.7074240730778,272993.0
2022-03-09,183.8323978742916,188.33644722851653,180.90570202569074,185.3850327230371,476145.0
2022-03-10,185.03321571893784,186.4875894527225,182.61269428017232,184.05941386476482,680423.0
2022-03-11,184.05910863863957,188.27451193895652,183.1081542858635,187.30677827220214,216497.0
2022-03-14,187.44202345486815,188.02719324374704,184.77540302707183,185.35405444636973,355176.0
2022-03-15,185.28766318410553,189.93842365151406,183.11717955925184,187.73922214822454,256080.0
2022-03-16,188.02568071929747,190.351215008379,184.31357365818187,186.621743811652,398033.0
2022-03-17,187.23425259512612,190.3313976511688,187.1543956593185,190.2502543660075,680313.0
2022-03-18,189.99504604369483,191.66949970671948,189.68860149961944,191.36085224279594,369996.0
2022-03-21,191.08383374111446,191.76948703936102,188.8964383102742,189.57668360281434,434084.0
2022-03-22,189.34097746965563,191.55796366523097,186.4781360961489,188.68747040270634,791822.0
2022-03-23,189.11752059858748,192.51817097047234,186.74180004340158,190.12973483943384,531342.0
2022-03-24,190.4108400715724,193.10922973655872,189.38565201222616,192.07508126195663,326428.0
2022-03-25,192.03818859875165,193.90998165445112,190.12019604879154,191.9915343664586,471449.0
2022-03-28,192.00148332863813,192.45568973376237,191.66334995430617,192.1173523028442,317737.0
2022-03-29,191.89513547475212,193.79544626807274,191.645911282634,193.54408050528858,523448.0
2022-03-30,193.7883894447092,194.5968503204334,193.02215502066656,193.83044959162638,543691.0
2022-03-31,193.72610769905592,194.35730903389407,190.896411726159,191.52042647707162,256052.0
2022-04-01,191.44984049157839,192.50333438312472,189.05307777940538,190.09913914652304,474520.0
2022-04-04,190.26597575191326,191.60068472310783,189.24008009672602,190.57313290638677,422089.0
2022-04-05,190.5222043581708,194.6208840670046,188.74897431047935,192.8262101549475,550109.0
2022-04-06,192.76200335729845,197.67132631537595,190.9583025223321,195.83883513814553,616947.0
2022-04-07,195.8417705776626,199.50828782757856,193.68260241049654,197.33268226280768,535513.0
2022-04-08,197.55526287046095,198.26323121815346,197.20789788168682,197.915233286891,391885.0
2022-04-11,198.37764436559527,202.18179926922087,195.57686138204258,199.3670474569178,642635.0
2022-04-12,199.5325606144148,199.74890279708669,197.94628058991424,198.16113581209106,312005.0
2022-04-13,198.38688877171737,198.75131812042343,197.5569907042852,197.92056343065403,260874.0
2022-04-14,197.86450710375723,200.0045019034707,194.30657964373805,196.4310711808112,123240.0
2022-04-15,196.23410854206318,196.90189023759282,193.5113999431381,194.17216487563974,430173.0
2022-04-18,194.35223394651766,197.42514177525607,191.76398908973235,194.83052734705478,318501.0
2022-04-19,194.8778206089803,196.3380918193501,193.7595391516188,195.21785909461457,518711.0
2022-04-20,194.82462101694375,196.8444658186302,194.5191106199884,196.53627133090572,201090.0
2022-04-21,196.44490419489182,200.67203654857542,193.38995232937228,197.59913502113756,341509.0
2022-04-22,197.57591937848449,198.75677559374864,196.9197636688956,198.09888310552557,533977.0
2022-04-25,197.955609207029,199.29632759890706,197.8499089560312,199.18996825034074,293040.0
2022-04-26,199.60873920130564,200.58276124426055,198.18425931704863,199.15607250209027,521103.0
2022-04-27,199.29156619180165,200.72106342333922,198.55426038747598,199.9812062035509,354049.0
2022-04-28,200.37080714167448,201.8882690603618,197.15555118930772,198.66005713891647,436645.0
2022-04-29,198.73424473567053,200.85415231429798,197.28670482510725,199.4017504277272,561329.0
2022-05-02,199.42475402560981,201.7326021585986,198.41063317258178,200.711935690038,647658.0
2022-05-03,200.4456668435228,200.4813222074812,199.4568791373418,199.49236492753337,459088.0
2022-05-04,199.49573807748692,199.9157377386316,199.21682785696382,199.63663053972647,319463.0
2022-05-05,199.64032429086697,200.00010279778004,198.15226545501244,198.51000697928615,368348.0
2022-05-06,198.12572621339814,198.91822788120902,196.78064102224505,197.57092348259678,570793.0
2022-05-09,197.4198971086753,198.07541976421712,194.87828887293037,195.5275280138291,294048.0
2022-05-10,195.43795586553796,202.61632098547614,190.80690263782915,197.92630441799795,411998.0
2022-05-11,198.04233355392682,201.43242238872355,196.60005696038343,199.97606308472893,379135.0
2022-05-12,200.1068706593138,202.100999930153,199.05183922005182,201.04104321564495,424495.0
2022-05-13,200.8754653792629,211.24681361515084,194.6234182372772,204.87042729524708,295459.0
2022-05-16,205.00662127607742,205.82217898069587,203.73833778771638,204.5520872643225,210917.0
2022-05-17,204.49930478143142,213.29123953866832,201.83271735871207,210.5458081808387,544867.0
2022-05-18,209.69119352390388,211.8159083494761,208.0214968593843,210.14261715852766,650601.0
2022-05-19,209.99829864297936,212.5108854903306,208.19251083488138,210.69907169326686,216021.0
2022-05-20,211.02154507555647,212.8341829748887,208.15405880845518,209.9575572397061,512764.0
2022-05-23,209.45766997239213,211.1667497733217,209.040135760992,210.74664610893973,682333.0
2022-05-24,210.78031025550504,213.34972179945242,209.90437470161544,212.4667778257372,561499.0
2022-05-25,212.94470542653258,216.18256794630776,209.0598132612844,212.28768567768853,374494.0
2022-05-26,212.05894853650807,217.0877480803315,210.924011224068,215.93208179849208,303338.0
2022-05-27,215.93273953621414,218.4612569047081,213.94747854541765,216.47104677849356,456978.0
2022-05-30,216.07131950066866,217.96771822378724,215.18335179337052,217.07562322519584,488509.0
2022-05-31,217.57686062965726,218.4905977202007,214.3652320057432,215.26927815908516,459697.0
2022-06-01,215.24385358259096,217.42140204125892,214.00044229927406,216.17262546911212,411657.0
2022-06-02,216.1869122145035,218.657066352323,213.48192898686676,215.9493689526526,286914.0
2022-06-03,216.3642906103742,216.6397558542351,214.48843501951217,214.76186012123955,523910.0
2022-06-06,214.96330613236515,218.6228247828861,209.6114194428469,213.24162838493314,534102.0
2022-06-07,212.97714111662884,220.5025111800175,211.265582547833,218.74460327427232,479418.0
2022-06-08,218.53554895349845,218.99176395494567,217.7722164261442,218.22778894753623,462498.0
2022-06-09,218.38092927154537,218.89987319225014,214.78256378286812,215.29417256844408,866052.0
2022-06-10,215.1038057374256,215.38274567979622,213.6508817581514,213.92829733769565,344638.0
2022-06-13,213.2872800007415,216.40258942522664,210.76556418324463,213.87393750026013,738646.0
2022-06-14,213.8577988099439,215.21470493975303,213.6757839560813,215.03169098361957,329849.0
2022-06-15,214.58102649664622,216.6642068751881,214.1325487535454,216.21231970345477,689402.0
2022-06-16,216.7082005157163,218.50553677123784,215.85618300452825,217.64981716721712,724580.0
2022-06-17,217.70436115160263,218.39900088706497,215.6876629906385,216.37807086815016,393478.0
2022-06-20,216.1006433686111,217.16957871229167,216.05713434383,217.12586327295514,859740.0
2022-06-21,216.91096766853303,218.4967389395676,213.81150224315707,215.38612585129272,533713.0
2022-06-22,214.81010003892285,216.15606211326894,212.83662975097798,214.1786351782503,311480.0
2022-06-23,213.84513180727384,214.18288952344804,212.0434723882467,212.37891428700254,380917.0
2022-06-24,212.68506714875446,215.43273436503,207.34266347078116,210.05637069558793,696000.0
2022-06-27,210.72188555494893,215.81985914993925,207.15631544237866,212.22879108164267,640002.0
2022-06-28,212.4474080594706,213.95049270786498,212.1625704903901,213.6640239684107,289753.0
2022-06-29,213.63615159760337,215.86011200705548,213.47286838754184,215.69525501365666,418443.0
2022-06-30,215.56323711877116,216.52422936358397,214.8655628644154,215.82570562523463,479937.0
2022-07-01,215.53330780124128,218.47003835870365,214.53860943937852,217.466418581649,361117.0
2022-07-04,218.10222720983916,221.2843337234204,210.80583532246416,213.92702574199026,1136109.0
2022-07-05,213.8698023255687,218.55449012092905,211.06877352539615,215.729110174514,485758.0
2022-07-06,216.3769713985889,217.28556490824263,215.23324423794836,216.14084622897983,431609.0
2022-07-07,216.56817399532906,217.69702229781038,216.3481881632148,217.47611419730757,712361.0
2022-07-08,216.9401865862317,219.58647354990296,215.67106153065598,218.30933879634506,382282.0
2022-07-11,218.103374093926,218.2554610517453,216.18225466407176,216.33310718657071,661967.0
2022-07-12,216.1280595606977,216.51653626719323,212.9587142864442,213.3421835545823,227046.0
2022-07-13,213.31804064801528,213.99954926529912,211.28381253863273,211.960985635666,368995.0
2022-07-14,211.94286641270713,214.03364317273312,211.05937221356635,213.14513724884074,673086.0
2022-07-15,214.05224033362722,215.10107885729548,213.54200973636523,214.58956744777032,829086.0
2022-07-18,214.2621763013221,214.67563938633475,211.47418616274572,211.88305824851295,324708.0
2022-07-19,211.95183274448414,213.1593668218448,208.78053465596102,209.97681665211059,309921.0
2022-07-20,210.16037827599183,211.38987834884037,207.3750217556452,208.59536604629443,555142.0
2022-07-21,208.59490127403723,209.9946059798414,206.5454479454071,207.94076328205588,344823.0
2022-07-22,207.973239155363,209.75428841804677,203.57113316245156,205.32954223124995,397348.0
2022-07-25,205.0256993827286,206.13493891802563,201.5398816437882,202.63619336293846,628167.0
2022-07-26,202.66677955053498,203.67968217967052,200.11042485049174,201.11557475657312,355884.0
2022-07-27,201.26140420390306,203.36591061721842,199.22263884276646,201.32648598176704,201557.0
2022-07-28,201.41998965249797,203.35303874288715,197.22831363768287,199.13947639952596,262910.0
2022-07-29,199.30048275399784,201.12541453718265,197.146182146649,198.9680701320945,444179.0
2022-08-01,199.3668397914896,202.3426011324692,198.0501935435535,201.01506974542542,209951.0
2022-08-02,201.2822001713181,203.66990782379125,196.24795635739173,198.60389261908765,392831.0
2022-08-03,198.62396267886945,199.6948437250607,197.19412925973705,198.2630645236125,253511.0
2022-08-04,197.93406025743636,200.59483678934703,197.58217679222383,200.2388559016049,852540.0
2022-08-05,200.0686396524256,201.98185107799893,197.58779386400695,199.49552472032076,1051846.0
2022-08-08,199.43343184816308,201.00310241020298,196.9012793940712,198.4633145028951,289735.0
2022-08-09,198.53431089695465,202.3098583565467,196.94585664533128,200.7040442733104,490266.0
2022-08-10,200.56801847385347,201.9684610922658,198.77317098073416,200.17084034956974,301293.0
2022-08-11,199.90553431234494,203.3456335489658,198.89017822932468,202.31802399789683,390926.0
2022-08-12,201.9775842642437,203.32840338587835,201.83713879975778,203.18711687079093,910171.0
2022-08-15,202.7121490906084,203.71656625411345,201.57341550628556,202.5771638321753,367076.0
2022-08-16,202.50971457454816,205.11235272949693,200.95024070232748,203.5449071127139,394583.0
2022-08-17,203.12135317933058,206.6987734882826,200.6456163727985,204.20977054847847,303455.0
2022-08-18,203.92038349082975,207.72769364878917,202.44670775519197,206.23727438884023,699748.0
2022-08-19,206.12216354821388,207.47249234432974,203.8748689457916,205.21928287202877,119934.0
2022-08-22,204.83107093053096,205.42435822249604,204.75397767059303,205.34707075321145,370601.0
2022-08-23,205.45762818191378,206.0402692537374,204.69347011920564,205.2755949774318,434367.0
2022-08-24,205.4910764940768,208.8976287085689,203.30042055961624,206.694147330241,339615.0
2022-08-25,206.53324906917564,206.87994563757348,204.40558775803672,204.74928968707883,624945.0
2022-08-26,204.6225015192526,207.58632312195493,203.81914607949554,206.77451878355336,715553.0
2022-08-29,206.93208619687587,209.6058384447689,205.06956798974824,207.73608375672032,251496.0
2022-08-30,207.5259626476499,210.4264469628049,202.34673359835577,205.21491761829108,1022125.0
2022-08-31,204.98737411527958,210.68758546285264,201.95836708239204,207.6196819901232,250370.0
2022-09-01,207.97207819844985,212.84299621011485,207.24216961491433,212.09860497419686,740775.0
2022-09-02,212.36457745814144,214.33808594894478,212.19382107069748,214.16588118380727,469738.0
2022-09-05,214.3485605186313,218.9195987697591,212.57572317849227,217.1238078715302,361682.0
2022-09-06,217.40885646352984,218.74568387273334,216.01323104834245,217.349694677068,375590.0
2022-09-07,216.74141857200146,216.87565880075155,213.88134386640576,214.01389478528853,436522.0
2022-09-08,214.42495635636598,215.59379833170993,209.21926384889917,210.36598012639936,480877.0
2022-09-09,210.48291210795648,211.28735155346277,210.11912512225538,210.92280428253653,306183.0
2022-09-12,211.22519896638218,212.79619959682,208.23480472682343,209.7951694230779,402892.0
2022-09-13,209.91032616628263,210.13667450521032,207.81411056981932,208.03844043622402,325049.0
2022-09-14,208.05286724160754,210.53517776262743,205.48236327630462,207.96360884172907,272115.0
2022-09-15,207.88247433395372,210.29204269689973,206.82285268742913,209.22557497775554,319041.0
2022-09-16,209.33447974780935,211.18818422081745,204.59331393435107,206.42122083649826,279291.0
2022-09-19,206.33003147104307,208.1202502390076,203.8116210295693,205.59546635666982,373973.0
2022-09-20,205.84852469389085,209.26545329612333,205.19019925201445,208.59833367311776,525965.0
2022-09-21,208.1298083091028,210.2194311711113,204.46410419325903,206.53774271991443,464299.0
2022-09-22,206.3792627794621,210.50022014990387,204.19003447717355,208.2907155540754,974557.0
2022-09-23,208.89527280726512,210.23310533466616,206.0590374322947,207.38721185220547,182740.0
2022-09-26,207.20326104680473,209.25865488412936,206.4574335487362,208.50813051245007,533779.0
2022-09-27,208.43760364633425,213.06118599366135,206.13225083210187,210.73047367480817,443551.0
2022-09-28,210.46702712088486,215.60387057781907,207.15259786179962,212.26118693670367,613091.0
2022-09-29,212.36225081567102,214.2261457784272,212.27924403806742,214.14244317079567,589238.0
2022-09-30,213.91908980258438,217.63380848175981,208.19505600670462,211.87426619309048,414158.0
2022-10-03,211.8185339026672,214.7517217981727,211.23877117127398,214.16553515367428,474046.0
2022-10-04,214.42336460932532,216.64958906138895,210.29021147251714,212.49642975831873,328526.0
2022-10-05,212.2860766176268,214.96476666759577,210.3961417390942,213.06787164493352,565504.0
2022-10-06,213.30616166336262,214.48649007552066,212.45922494567907,213.63823485406783,208658.0
2022-10-07,213.88735409606593,219.41981906325861,209.15468585057215,214.66983688417773,603638.0
2022-10-10,214.99106414284878,217.68750149393355,212.71258048378434,215.40463479699218,438331.0
2022-10-11,215.44754727274898,216.3976022825974,212.8012707789902,213.74381286315543,364097.0
2022-10-12,214.7280222750287,217.3909463933251,208.46628555445687,211.08401899800702,403119.0
2022-10-13,211.3997539534342,213.7396065569303,210.54690506421804,212.88078276116883,415119.0
2022-10-14,212.9788307073216,215.13164886332882,211.15461928343979,213.30464675199323,743349.0
2022-10-17,213.03999203813166,216.70586682245244,212.03081508508043,215.68416434437734,1612663.0
2022-10-18,215.65449506409806,217.62897259268243,213.66891005384136,215.64328494543972,720678.0
2022-10-19,216.07967651088163,217.04785226242697,211.89491189366132,212.84861039349562,352875.0
2022-10-20,213.36497590555314,216.8114417279772,211.41779249728808,214.85069950422093,569158.0
2022-10-21,215.30135557021703,215.50726509912644,213.9452180347725,214.15002645758543,579159.0
2022-10-24,214.38848786487532,215.10059279684134,214.18167463753792,214.8932926016736,305570.0
2022-10-25,214.5111804644759,215.13144466377025,213.0146829598428,213.63240616226346,267181.0
2022-10-26,213.7799674946781,220.46181217428062,210.3977102276721,217.0281645076938,431355.0
2022-10-27,216.64663432657716,218.11933903246802,213.8247115407066,215.28818185737956,611141.0
2022-10-28,214.83476958355348,217.65937582305625,211.83067008630056,214.65288494150462,232182.0
2022-10-31,214.72565935989104,217.03559336039663,212.61301955287774,214.92103133037907,331585.0
2022-11-01,215.0804684643845,215.22837573151185,212.61770194714438,212.7640162285298,556299.0
2022-11-02,213.03661730881748,215.865853520328,210.6550180528444,213.4793053243012,449859.0
2022-11-03,213.62978105762517,219.12399075941474,211.34601028405422,216.806262383218,779579.0
2022-11-04,216.96967711808819,217.83127756395226,214.9969599621906,215.8541305011881,251564.0
2022-11-07,215.55309160131344,217.84873604443158,214.422533773417,216.71209931858186,1133551.0
2022-11-08,216.67985702330864,217.54219264086947,210.36317573870107,211.2037175903594,239140.0
2022-11-09,210.75303898762328,212.2526726934961,209.67778843137285,211.1752679480263,196484.0
2022-11-10,210.5764844358361,211.82636664589236,209.3508914274278,210.60063308798576,432110.0
2022-11-11,210.82182978898896,214.5320614161799,205.34819833316038,209.02684012243947,281030.0
2022-11-14,208.80383273815048,212.16447415109633,207.87316224808674,211.2230209705604,435608.0
2022-11-15,211.48439157993417,212.61616399694356,209.49482406316426,210.6219812353661,429557.0
2022-11-16,210.9531147104117,212.292934383056,208.9823035200166,210.31808998069974,409090.0
2022-11-17,210.13355380848196,213.03443309039625,206.7249137959866,209.61868535424256,315854.0
2022-11-18,209.79414404454505,210.70647886017673,205.00878379326957,205.90420236349044,526003.0
2022-11-21,205.71133959036865,207.68770612665892,201.80340230462596,203.7610313029547,389674.0
2022-11-22,203.22863064738354,206.81422730743955,202.09585302488517,205.66785368097297,687946.0
2022-11-23,205.70380235004885,209.90600800511254,197.53553773632382,201.65503339971616,411618.0
2022-11-24,201.5204935314481,202.00275167450914,199.76759228082074,200.2468023570085,300782.0
2022-11-25,200.12193384999586,201.5215842301883,198.14284154136124,199.5384107681909,225239.0
2022-11-28,200.09785835890412,205.1102355564979,197.9186162599259,202.90047053987345,412981.0
2022-11-29,202.4621320653351,206.25766209990917,200.64914320180932,204.42707772573945,266284.0
2022-11-30,204.53804403424945,205.40277228963498,202.54113798985944,203.40105939992736,257820.0
2022-12-01,203.11446463620806,208.4027802833097,200.71721965193626,205.9718116505974,546332.0
2022-12-02,206.23713805450555,206.32048168013077,204.50062745537872,204.58330274050738,217278.0
2022-12-05,204.6698570238162,209.63991565715583,201.64980896961853,206.59151222548812,778308.0
2022-12-06,206.7026201666709,207.76511683967354,202.9547300537501,204.00335189752616,471600.0
2022-12-07,203.73032222711282,206.90301222791118,202.9670974149054,206.13079464481828,434722.0
2022-12-08,205.9072395435811,208.90323700914547,202.40068136690113,205.38914037091521,292463.0
2022-12-09,205.65925134088556,206.83725277758225,202.28482177196761,203.4501697477892,600639.0
2022-12-12,203.96144454380706,205.98742452959073,201.06326600037193,203.08049538444578,441900.0
2022-12-13,203.21879403837363,207.07805122512656,199.80903278072472,203.66087243604142,336234.0
2022-12-14,203.4019857215289,205.03747145988714,201.12794826944534,202.7582580136664,479227.0
2022-12-15,202.85568652185043,204.24207911216425,202.48533463156738,203.8698756255169,225683.0
2022-12-16,204.5725221100864,205.3237458943757,202.05245939161338,202.79716376949693,230008.0
2022-12-19,202.8266061104769,205.6899436397609,201.18347615598557,204.0370080306264,282639.0
2022-12-20,204.46020377305405,205.4625792163434,203.93800276675017,204.93915494614788,508800.0
2022-12-21,204.72422133838907,205.30437576588037,204.28912157551358,204.8689683725748,441837.0
2022-12-22,204.85674802217304,205.33112882992654,203.59133075861726,204.0638755346329,673061.0
2022-12-23,204.243153163933,204.49845869396793,204.14870615756018,204.40393733707913,306203.0
2022-12-26,204.5190818660094,205.65578544414618,204.38136111596557,205.51739244347294,556748.0
2022-12-27,205.29426959045355,209.93402207824923,204.97636572467175,209.6094360576068,422714.0
2022-12-28,209.36907164472746,212.72456842686148,208.18438248384177,211.52766513002578,303392.0
2022-12-29,211.82417255405593,214.65741430360887,210.71296842610187,213.53722371533323,516135.0
2022-12-30,213.8981638622559,220.15853918775795,213.65848083346552,219.9121172392201,430884.0
2023-01-02,220.38395198358992,221.13189075732515,220.29074721207797,221.03840920279413,343985.0
2023-01-03,221.60429021099498,223.02574915103455,220.68535561497183,222.1047393244126,449909.0
2023-01-04,222.14712208829218,224.32385482988022,221.46714265372879,223.6393079012354,420075.0
2023-01-05,223.5406860513789,227.37393640849032,217.76950994283163,221.56894917946244,416035.0
2023-01-06,221.99362687551692,223.52588402159898,219.16969540313775,220.69297511603364,375106.0
2023-01-09,220.91613800248055,221.5004765042281,219.11006729540856,219.6911656603805,262504.0
2023-01-10,219.38545873290647,222.87972201112797,217.6107338915216,221.0911985395817,455844.0
2023-01-11,220.76752805560886,224.17787039717265,217.36892803471594,220.77909235004705,320909.0
2023-01-12,220.93308326213128,221.15859195599808,220.89370686708298,221.11918239292993,294157.0
2023-01-13,221.06363025565557,223.82833160206573,220.69438403602487,223.45509088638758,401804.0
2023-01-16,223.44672020549402,226.3664868265353,222.42643991359827,225.33757271112847,593392.0
2023-01-17,225.6803853412186,225.71403356067847,225.01239918702663,225.0459528146377,476511.0
2023-01-18,225.2881951917794,227.87519437919693,221.10935254143962,223.67786014543077,357733.0
2023-01-19,224.09987220918921,226.50583345503958,223.7402770355168,226.14295990165925,352026.0
2023-01-20,225.52469612355495,229.8732375626976,223.52792359772715,227.85582545687285,570532.0
2023-01-23,227.93767634903438,228.53515057361267,223.8875373057811,224.47593756008933,169618.0
2023-01-24,224.69707179967534,230.13225531535696,218.44982017037964,223.86487369785732,608618.0
2023-01-25,223.38101375157387,226.6579294344544,221.00007852191547,224.2675449976298,209064.0
2023-01-26,224.05947032010056,229.10264274963154,220.96009951556422,225.97675058243775,251158.0
2023-01-27,225.7077102434316,229.77045837168257,223.93668991209378,227.9815959479787,360156.0
2023-01-30,227.98860746260237,231.49711649805434,225.14701441371994,228.6473135016545,1053944.0
2023-01-31,229.17547277100192,232.98437954523993,226.1703558811303,229.9688591907163,865418.0
2023-02-01,230.6290685279286,232.09566954705093,228.69829294321426,230.1619233236524,586891.0
2023-02-02,229.89643652721563,230.88021093326074,227.77550615707474,228.75439352488098,510230.0
2023-02-03,228.92518231477064,231.16890096084094,226.00652758735217,228.24356564010836,210048.0
2023-02-06,228.42441106063853,230.8995535659201,225.86355136419388,228.3377548876206,471042.0
2023-02-07,228.46323991963666,228.60262762930066,228.17686786668827,228.31616584498704,355156.0
2023-02-08,228.44531525942418,233.82892620359968,219.04979521135206,224.3365784287554,319123.0
2023-02-09,224.43317937811426,225.207440541644,222.7764853034336,223.54769166575988,470674.0
2023-02-10,224.08303668217465,228.26041809693615,219.5480109468786,223.71859846297534,366428.0
2023-02-13,224.068454283257,224.40042136987037,222.84596701255143,223.17661279750857,626385.0
2023-02-14,222.84151344124237,225.65477002169908,219.89704830331328,222.7086272658904,203948.0
2023-02-15,222.95994612557973,227.3779484106107,219.38540099785902,223.7900941587234,455889.0
2023-02-16,224.07332751050564,226.239213182805,219.43004798135635,221.57175351884484,311253.0
2023-02-17,221.67069058678754,222.68656326630196,217.23999895584146,218.2401501509526,375550.0
2023-02-20,218.59041027876455,220.72401361301013,215.4503778500429,217.57406086576415,499744.0
2023-02-21,217.63206728967214,221.74930950437366,215.1027728647601,219.20177215318026,282965.0
2023-02-22,219.26406418013252,224.1812909759604,217.8820012844792,222.77708484615545,472453.0
2023-02-23,222.81537066665055,224.8990070036789,222.4013878499607,224.4819277847621,406388.0
2023-02-24,223.84069414483002,223.95145393245323,221.33106513159726,221.44063733452498,339682.0
2023-02-27,221.41540472314523,222.5791565152912,219.84487730389714,221.00647980064062,366506.0
2023-02-28,220.7972512534174,225.48385165596315,216.92211467422086,221.5947189948498,415891.0
2023-03-01,221.22239138370648,224.71811803433496,218.5325934862607,222.01863872797279,325418.0
2023-03-02,222.47035715292236,223.9412233744735,221.73650980610785,223.20495286835072,443671.0
2023-03-03,223.36452262593306,224.48820688072223,220.21731213755243,221.33076512888655,395826.0
2023-03-06,221.32140711161716,222.81751066565937,220.02331610797867,221.51826505376567,346448.0
2023-03-07,221.34100322242043,225.3330430057083,218.47401526417553,222.45166880717906,835626.0
2023-03-08,222.54506937781014,224.46845159959656,222.32456967946962,224.24626633968435,522351.0
2023-03-09,224.56160511106594,229.06776782638156,218.13063158549747,222.59737918518235,379616.0
2023-03-10,222.3366225488707,222.45664101561417,221.80451330642046,221.92430920427327,468993.0
2023-03-13,221.92279045394085,222.34366736932017,215.96633333130902,216.37669206250996,293394.0
2023-03-14,216.6430789964447,218.76029855590005,213.0572247870174,215.15994995397955,371495.0
2023-03-15,214.57035525838458,214.8693924542334,213.84788767688505,214.1463339330024,389247.0
2023-03-16,214.1288608471741,214.85931939263037,211.41888793037475,212.14257063696436,268682.0
2023-03-17,212.01352892564023,215.22082421253026,209.32353684214698,212.52435090546246,516557.0
2023-03-20,212.4840418359246,213.83223945304997,211.11350432971966,212.46155929657485,361405.0
2023-03-21,212.31055459017384,213.44146964370717,206.9145084871366,208.02258279276566,383776.0
2023-03-22,208.06316458064967,209.29583042059602,207.26421812369819,208.49522488549658,352396.0
2023-03-23,209.06445970536336,209.97827194061355,205.8189492737665,206.72252500787374,1445024.0
2023-03-24,206.62763697633653,210.1468258946258,204.21542969459722,207.72184464066163,339407.0
2023-03-27,207.80774738194796,207.88809030168957,205.1895081975701,205.26886953283358,193403.0
2023-03-28,205.8500447874106,206.00390185566508,205.22145124061373,205.37495321447588,233288.0
2023-03-29,205.21491067116497,206.06934763849003,204.02091828785439,204.8739355643037,599422.0
2023-03-30,205.40156198329353,206.4082830090358,204.50320120497886,205.50945036144017,755082.0
2023-03-31,205.51100086472488,208.42363090463832,202.890764965547,205.79971395481098,336812.0
2023-04-03,206.32013873218395,207.5831706466345,204.09487714695024,205.35198228908803,737912.0
2023-04-04,205.5704512653555,206.9046616143249,201.12584032355028,202.43973141555637,595190.0
2023-04-05,202.52786961355648,203.68801750406004,198.53635747479257,199.6801929134704,410121.0
2023-04-06,199.6616189771477,202.26561920566803,196.03733222303111,198.62784996677016,398643.0
2023-04-07,198.4522421805764,200.30322356380987,196.80934640046092,198.65861928161507,475607.0
2023-04-10,198.67996121579574,199.06479412922644,197.18350163086396,197.5661772016796,628432.0
2023-04-11,197.817619578915,200.146538581041,196.46083392389664,198.78313070677427,518615.0
2023-04-12,198.77943661371103,200.7789449305971,196.31083933950845,198.30558117802633,337485.0
2023-04-13,198.21660742060683,201.7231380826025,193.07429417844983,196.55136605808977,412634.0
2023-04-14,196.48151412681275,198.9814476759917,193.5864207950358,196.08126173080856,977257.0
2023-04-17,196.3572839988381,197.02241212958987,195.881325983572,196.5459966863416,489180.0
2023-04-18,196.8875959347856,197.32562700681504,196.7584342255927,197.19626280675132,626391.0
2023-04-19,197.0098827519793,202.27888336832615,195.5335588926836,200.77434989546273,549055.0
2023-04-20,200.58417937238582,200.73376966977742,199.40703235271752,199.55585575395423,493532.0
2023-04-21,199.6631839394255,200.4816717323026,198.64617652189185,199.46384716504068,462074.0
2023-04-24,199.89616882895086,202.3795405718333,197.83624844801417,200.31530105353252,633463.0
2023-04-25,200.64093530105322,200.94735813383303,200.01173741249414,200.3176665427874,589752.0
2023-04-26,199.962551289731,201.278246561284,198.10669064332015,199.41880824420772,491667.0
2023-04-27,199.34418124583632,199.72695986237815,196.18913577788302,196.56658087517917,335204.0
2023-04-28,196.30747918190585,198.9082246695572,193.07342209744633,195.66566461647977,516187.0
2023-05-01,195.59148942876632,195.75904077370163,193.56976774890774,193.7357293769619,430713.0
2023-05-02,194.17679298263963,196.44391389396938,188.41914978264407,190.64503548166437,391092.0
2023-05-03,190.26101624500993,190.4553956304645,189.0678139071696,189.26117180566112,1291753.0
2023-05-04,188.82740498417417,190.15690558767943,186.1217896962557,187.44153261575127,239038.0
2023-05-05,187.22153701929074,189.20272965104772,186.5458149104656,188.5223127675417,649141.0
2023-05-08,188.59909930606437,192.04574067446913,186.20689772293593,189.6403320368209,313305.0
2023-05-09,189.80725808957263,189.8336259603314,188.04525247277715,188.0713791966443,466250.0
2023-05-10,188.18802428805589,189.20589922119652,186.63825411317336,187.65323647591487,1236054.0
2023-05-11,187.96619827709569,189.5781911354447,182.84836590775885,184.43003270911586,301056.0
2023-05-12,183.9697286939142,185.29812012763165,182.28753889718874,183.61335707601367,331191.0
2023-05-15,183.92287924773703,184.38078499973267,183.8920296937357,184.34986382721442,439325.0
2023-05-16,184.2683340467486,186.15915214717904,183.94770247627312,185.83579315813142,315247.0
2023-05-17,186.02856683113797,188.74811272426956,181.93182796350862,184.6309420225784,630093.0
2023-05-18,184.28493975017292,189.12938361032,181.7054567517726,186.51863501331624,357249.0
2023-05-19,186.5199453966902,188.1257160925862,182.3259398935156,183.90923469423294,574700.0
2023-05-22,183.9708329625777,188.84600111087732,176.97869911910203,181.7962412844452,259971.0
2023-05-23,182.0942899638646,183.53447393530715,181.62439077298967,183.0620773431871,214758.0
2023-05-24,182.6512192480493,189.34287293718126,179.38756854583752,186.0190452068574,403691.0
2023-05-25,186.02715351483624,187.96094043868374,185.00315189671824,186.93195824921054,236238.0
2023-05-26,186.64464494044236,191.79433238883448,181.76138779960615,186.90428225497863,812042.0
2023-05-29,187.03824216599193,187.46403224658957,182.693181610004,183.11002916574353,239924.0
2023-05-30,183.31185448278592,184.71451037033765,178.3109362814671,179.6858468770911,292122.0
2023-05-31,180.01396357443514,181.56467581531643,178.39750826333227,179.9476492460807,522013.0
2023-06-01,179.81124073857902,180.61102728835226,178.5837872349644,179.38166305629284,349918.0
2023-06-02,179.61756500735171,181.18521527745145,176.00874573251875,177.55842441781706,241022.0
2023-06-05,177.9012468035884,180.84337435795172,174.77087061507555,177.70983256426217,1000475.0
2023-06-06,177.296413128804,180.16686267939758,175.08239329030505,177.94474666297106,296365.0
2023-06-07,178.09925503539475,179.9687603658074,177.71536460929994,179.58167460528952,409011.0
2023-06-08,179.8258132461065,181.1341230656282,178.54745023996279,179.8555486734239,406900.0
2023-06-09,179.7896059038359,182.5031302723152,179.2903695105286,181.9977623118605,587789.0
2023-06-12,181.68570193001045,184.2279125949177,179.51613517136013,182.05394848699592,532289.0
2023-06-13,182.29742883786747,182.6665942738382,181.52969692523652,181.898053597553,317832.0
2023-06-14,181.58906345921744,184.0385877544009,181.33300106909755,183.7794366749613,388353.0
2023-06-15,183.73298505340819,184.68644209646442,181.18546743265676,182.1306091665457,404025.0
2023-06-16,182.1202516011016,187.43704570880428,181.77538918625956,187.08278625179736,596947.0
2023-06-19,187.2726180912842,188.1578698737965,186.90686762516958,187.79110677977386,277249.0
2023-06-20,187.6243910090991,191.08829944763565,185.06025605553364,188.51203368527706,991768.0
2023-06-21,188.3292080078258,190.375878017983,187.45261979255534,189.49386882760092,326546.0
2023-06-22,189.5204376381529,193.53310701863543,188.92792214919234,192.92993210788367,440868.0
2023-06-23,193.20532844458137,194.73149700281465,192.901183449801,194.42543131472803,278175.0
2023-06-26,195.0568117848228,196.9888821414668,189.64633343615264,191.5436048906984,263218.0
2023-06-27,191.13477944096198,195.4657539826155,189.8354400449861,194.14594460448257,311835.0
2023-06-28,194.2327385581481,196.71260345810956,191.09533436850427,193.56669557006623,300076.0
2023-06-29,193.26882866904856,196.4532497275636,190.63090075813997,193.80796316526204,374856.0
2023-06-30,194.08802968766298,195.46860585535273,190.16165875352658,191.5239965836835,299064.0
2023-07-03,191.26938890130435,194.307453349241,189.49708756637736,192.5235311377451,584330.0
2023-07-04,192.339523513053,196.3129752067657,187.4330491456952,191.38681937295772,323452.0
2023-07-05,191.22703736085177,193.56602803530927,189.27766287133895,191.61272186571006,309426.0
2023-07-06,191.59202845590968,191.79367713081407,190.94241088133586,191.1435875767441,378062.0
2023-07-07,191.23116851234838,196.06857846054908,189.88462299121724,194.69762405138675,658115.0
2023-07-10,194.83115105976708,200.6254088253176,192.67064469132933,198.42504928168822,482121.0
2023-07-11,198.4234272174473,200.17502196946623,196.8080688013098,198.55856341411794,425119.0
2023-07-12,198.18464428972436,199.52142701510624,197.39034194331174,198.72495914593264,249392.0
2023-07-13,198.93005763743437,199.91670054289418,197.08874239784868,198.07112521516106,280104.0
2023-07-14,198.05625818799962,202.30524635982877,195.9721997863763,200.1986445738769,265305.0
2023-07-17,200.52856407003435,200.73601033968913,199.41741644334866,199.6239268682086,746194.0
2023-07-18,199.4237794338941,201.47612513839832,196.830391537077,198.87711127231924,547012.0
2023-07-19,198.42597163814617,201.17192546630676,198.03014971932967,200.7714248163251,313436.0
2023-07-20,200.7617423809206,203.1281352824874,197.4443294395271,199.7993788943982,353010.0
2023-07-21,200.1667157078699,202.31080857831296,197.6347883102677,199.77468189664575,318025.0
2023-07-24,199.82025850394618,199.8348694386366,196.8433373340291,196.85773164760838,310412.0
2023-07-25,196.802027741137,202.59487514500813,192.45661327180895,198.21819159292156,531852.0
2023-07-26,197.97382020393533,204.0439399276791,195.90527766325943,201.934018988351,394347.0
2023-07-27,202.4377445904073,204.82910981526746,200.9775956769985,203.36229229699003,1017101.0
2023-07-28,203.0657371575198,209.25993019045225,200.09112890424964,206.2388407325491,729521.0
2023-07-31,206.02690529582335,206.66290104047414,204.01252931254479,204.64425688404128,746979.0
2023-08-01,204.80966551755742,205.80570956322254,204.1546143324374,205.14957124362513,578702.0
2023-08-02,204.6106012852157,207.45185229805088,200.55268655550626,203.37680490169424,373598.0
2023-08-03,203.7445498796389,204.85158069481867,201.88397534471235,202.98688946855975,561921.0
2023-08-04,203.16655358103063,205.76468642053095,201.93122224452674,204.5211188028266,384795.0
2023-08-07,204.78195538736497,204.88343834392464,204.66424376240437,204.76571867260165,849251.0
2023-08-08,204.92776401216014,205.60726674891882,201.42761707837346,202.09773596315057,520066.0
2023-08-09,202.05158794645308,202.34607723084602,199.35758882292262,199.6485757277705,491366.0
2023-08-10,199.34795750099914,201.32442351791164,195.15164649597713,197.10588312125446,465482.0
2023-08-11,197.06675394343594,199.56516395746038,195.57866358087776,198.06950164700183,887449.0
2023-08-14,197.7959057381824,202.24662382191767,197.57132547857282,202.01725058785945,249322.0
2023-08-15,202.15650064234146,205.54362294211342,201.3060555989181,204.6825511460332,922936.0
2023-08-16,204.91674011445005,205.69170337677338,200.33460485018423,201.09511532150935,410667.0
2023-08-17,201.51648433809564,205.4786729784817,199.91754915499976,203.8611341408315,252090.0
2023-08-18,203.96858321939862,206.01044481883562,203.6814921529729,205.72088733895325,327458.0
2023-08-21,205.99065354533744,207.52608549730434,201.2745601236956,202.78610572435844,228588.0
2023-08-22,202.70071768639278,203.07249338808887,201.8821498648433,202.25310459425415,574619.0
2023-08-23,202.11604486431557,205.13229934138963,201.39718097355902,204.40529330613927,292051.0
2023-08-24,204.54257031020708,206.7471926230929,203.32031791210747,205.51910490305457,473292.0
2023-08-25,205.40655774819533,206.63082856445124,201.8297018011318,203.03986658810533,696405.0
2023-08-28,203.1173481822246,206.62581439858752,200.76739029798645,204.26260649496118,338133.0
2023-08-29,203.9556063418812,205.1803616458537,199.02272091738058,200.2250743421636,397424.0
2023-08-30,199.9750313928607,201.90801249329164,197.9187586031381,199.85053632022246,262670.0
2023-08-31,200.03060439144002,202.40347869675568,199.68875234364253,202.0581615563492,378760.0
2023-09-01,202.31226083026723,206.8501400905657,197.6063801170395,202.1404046298075,1238745.0
2023-09-04,201.85820431392096,202.9529267311744,200.14521192826695,201.23656304518263,603906.0
2023-09-05,201.42793062832243,204.8253548804538,199.5987921963717,202.98210322784493,397960.0
2023-09-06,202.8288929778304,205.15038664525477,202.5890448379732,204.9080798364519,346391.0
2023-09-07,204.91287348926278,207.73991399322432,204.68456571274376,207.50871400907002,434933.0
2023-09-08,207.92587873322395,215.24388267597467,201.999549615912,209.27898709669947,466037.0
2023-09-11,209.51864518316847,212.26149699050995,208.74207515657164,211.47766595470162,374135.0
2023-09-12,211.7163563533866,213.67777136255094,211.03963210511026,212.99695384820882,546901.0
2023-09-13,213.57398796008013,214.52085260882788,212.6349936767674,213.58182387432217,302133.0
2023-09-14,213.36884911443465,215.75666794436776,211.42859938548816,213.81238496354507,301536.0
2023-09-15,213.51382363554137,213.9380220129778,212.95937946886795,213.38331856548584,513024.0
2023-09-18,213.16502988395413,213.49869716875145,210.67169433363813,211.00197578921643,277214.0
2023-09-19,210.92587660052757,213.58086948816273,206.5219224881644,209.15461999043595,592204.0
2023-09-20,208.45777968121703,209.0498661407047,208.0549252464981,208.64664671159278,439893.0
2023-09-21,208.58531321950724,211.66546861656462,206.09881696001676,209.17197885458503,212955.0
2023-09-22,209.01059040354176,215.79186551961058,205.36111262463643,212.08864269638315,462222.0
2023-09-25,212.32437759033036,214.5015477703943,209.87992594958712,212.05432703634239,225470.0
2023-09-26,212.1602762259792,217.17699603460667,209.13577610158106,214.12449453954943,583818.0
2023-09-27,213.94226493835592,216.92303341668398,213.39530804926625,216.36987020168132,400518.0
2023-09-28,216.5508723838314,217.00078839238668,215.49887011950116,215.94753260169756,927672.0
2023-09-29,216.1690201935431,218.2690012677059,215.120150057579,217.2150556802171,679101.0
2023-10-02,216.97856969959938,220.64965546595687,213.09882681632462,216.76632153112664,289446.0
2023-10-03,216.61489896265172,221.4844989189657,214.69884539096637,219.54254900155092,197147.0
2023-10-04,218.85116852235353,225.45146107656515,214.35917319401906,220.91706256415242,327080.0
2023-10-05,220.5758183897274,221.73214257076606,217.35139644105757,218.49682190288217,271440.0
2023-10-06,218.2670073481542,218.99453995350532,218.15436801438568,218.88158346028766,918315.0
2023-10-09,218.90459364936999,222.8530875212785,218.42783642804315,222.36878555874125,440592.0
2023-10-10,222.07102115530282,223.59542602133592,220.5158778958894,222.04007030000753,642658.0
2023-10-11,221.87853947042208,226.9068375138595,218.02515189240518,223.0333934668622,394742.0
2023-10-12,222.64637795363294,225.93646380216367,220.9610294555,224.2390593112108,411734.0
2023-10-13,224.2934508646637,225.88034900020804,220.53368197034277,222.10509728998596,436677.0
2023-10-16,222.23915455178712,224.86226220453074,220.61568710764158,223.23154529944324,688738.0
2023-10-17,223.35889039701405,225.40624089271952,218.3422363008908,220.3621178033349,501145.0
2023-10-18,220.3659786382362,222.8930185263418,216.6016601616602,219.1143470035946,289835.0
2023-10-19,218.63626537827116,222.03420306486385,218.01446672088957,221.40453149512825,846619.0
2023-10-20,221.2100684015343,222.53631491437912,220.87918981248953,222.20394971105978,393515.0
2023-10-23,222.07570773750044,224.09114414858337,219.60596283194366,221.6172384289182,368720.0
2023-10-24,221.4905943639102,222.8860657502711,221.21196408149783,222.6060322715735,142657.0
2023-10-25,222.62969118227645,224.29395609424446,220.8680109824915,222.53154218309058,570210.0
2023-10-26,222.98162504312972,223.34448913863991,222.2476258276552,222.60988498039666,460655.0
2023-10-27,222.86626498253295,224.96763647665128,221.95148286061342,224.04800376189655,460455.0
2023-10-30,223.73462875966996,226.91198678266957,219.40453619548816,222.5652878725234,376574.0
2023-10-31,222.77939748845677,228.33315076248084,217.15022189002477,222.7020468604978,351482.0
2023-11-01,222.90425035160183,223.69945735022222,221.30534114586382,222.0976706856907,381615.0
2023-11-02,221.8440704911351,222.74792924958683,217.95425783935187,218.84590116378345,532461.0
2023-11-03,219.10936502471833,220.0938397734312,216.02632626622344,217.00132945360474,571287.0
2023-11-06,216.95200794154178,221.3848651265282,215.87589430008236,220.2921837254062,403361.0
2023-11-07,219.8523867449731,224.25899219692852,216.757623157728,221.1460187315617,646659.0
2023-11-08,221.2887457963127,222.25034207936474,217.4990965818444,218.4483501046278,428656.0
2023-11-09,218.51553646527066,219.38455809615928,214.48566254588508,215.3420634876125,361606.0
2023-11-10,215.27258323218584,216.4821534184003,213.95514998705525,215.16411068946212,478957.0
2023-11-13,215.15268905782614,221.9597599970003,211.65848718768794,218.41261507678067,256849.0
2023-11-14,218.1901206249244,218.8437414952452,217.4250722336267,218.07835830333556,485574.0
2023-11-15,218.2670293909573,222.20284552870945,216.91986502723148,220.83980177503872,238739.0
2023-11-16,220.82620166738388,224.76445983614994,217.70015431929772,221.6270752074906,293288.0
2023-11-17,221.67936742707715,225.93426833637628,218.4276659669621,222.66806418826067,197308.0
2023-11-20,222.78080753966324,223.6679115333916,219.05087651992244,219.92661523753907,412484.0
2023-11-21,219.56700597174574,222.88539263674235,218.62703411831188,221.93528213372602,842268.0
2023-11-22,221.6541513702037,228.1818853903429,214.76871280505836,221.2855927415552,422173.0
2023-11-23,220.59354388903643,223.8350532475744,219.91601638408048,223.14967488250795,572309.0
2023-11-24,223.3283658576693,226.07659572725427,218.76553988379297,221.49116151989986,1133619.0
2023-11-27,221.11093405679784,222.32453492949344,220.7016323371822,221.91374711076236,520020.0
2023-11-28,221.9554485998307,224.75629841392907,219.91105514211597,222.70500095837295,325760.0
2023-11-29,222.82213591724002,223.65562545246365,221.60091161374734,222.4329453408607,344198.0
2023-11-30,222.62292964632968,224.1865037485143,221.77604660373638,223.33690466343708,442530.0
2023-12-01,222.9560977607877,224.19280382397065,221.59137524088356,222.82736725408196,343466.0
2023-12-04,222.80678833392693,225.74010257780398,218.60024964989648,221.51657790944134,353898.0
2023-12-05,222.04161749376217,228.3401925604888,218.70039606902654,224.9551294067353,656122.0
2023-12-06,225.5023928342753,227.89058748694467,224.86560822008207,227.24887108261123,666945.0
2023-12-07,227.567105530386,228.05193963119694,225.19273171337838,225.67353153496765,228946.0
2023-12-08,225.78150864458155,228.56653131683638,224.1651377914434,226.94185354921842,318932.0
2023-12-11,226.61878136584986,227.62749948800723,224.40404716436097,225.40737310561408,367470.0
2023-12-12,225.63707884255697,226.22487078033032,222.36936330332833,222.95015571887055,562213.0
2023-12-13,222.90022626361838,226.64880646163218,221.45747704554816,225.19122844922964,698877.0
2023-12-14,225.37020814770406,225.65542865343397,221.3653461527331,221.64585324759628,1303792.0
2023-12-15,221.4471324183536,225.06403931394783,220.04470828352137,223.64767912235203,367225.0
2023-12-18,223.5928676360822,225.18400866945387,221.57816187208218,223.16626711274398,374635.0
2023-12-19,223.21819435049923,223.5614029323973,222.43002610475145,222.77254948649258,559852.0
2023-12-20,222.85032546849575,224.15473177893463,222.38623248664902,223.68889245432575,336756.0
2023-12-21,223.8454816309379,228.22648686635426,220.60847451389773,224.97317232696955,418158.0
2023-12-22,224.78856049939176,225.80364833792794,222.26716737944716,223.2754222714589,374739.0
2023-12-25,222.85072664531535,225.6785943272141,222.02672138226646,224.8472069465453,155024.0
2023-12-26,225.3656079391464,226.24702789939772,224.26014554161634,225.14068581640765,464768.0
2023-12-27,225.93642700211967,227.23777118567517,221.25449011983062,222.53625003101752,411291.0
2023-12-28,222.6774182092484,224.37716038059799,220.53479782289483,222.23113341131574,735637.0
2023-12-29,221.81448943242373,225.95615736860478,221.07283331932237,225.20317090312415,443386.0
2024-01-01,224.95650569257555,229.91706863728496,223.91023026534324,228.8526720930276,267828.0
2024-01-02,229.0178732269289,233.6382241662514,225.86245609912493,230.46289743888542,399017.0
2024-01-03,230.90139008446448,232.32283056110512,226.53518015245373,227.93838019237916,191677.0
2024-01-04,227.54686546677166,229.62709717060866,226.97445522723532,229.05090341719395,272565.0
2024-01-05,229.0105424302466,233.71638305244824,226.27110859079679,230.95370501953832,570462.0
2024-01-08,231.01785152479647,233.81554670094692,229.80766318793195,232.59708553767115,400738.0
2024-01-09,232.88229048067197,240.14056303884033,227.1619347386919,234.38333666097483,639859.0
2024-01-10,234.26921771011249,236.6696006226603,232.84960469752048,235.2440801866742,201439.0
2024-01-11,234.72323935680728,236.37811295747588,233.48529992264412,235.1379861327902,401521.0
2024-01-12,235.34510801657223,236.3526685029983,232.84353965773832,233.8446764902749,365783.0
2024-01-15,234.21778032932093,234.2490637782117,229.71120159064407,229.74188721398409,648450.0
2024-01-16,229.71499465282372,230.9538642272427,229.29674637669993,230.53412453927854,579027.0
2024-01-17,230.66657534432844,231.21676259904024,230.4437429380074,230.99361426108206,572004.0
2024-01-18,230.83831679067816,232.31719669820973,230.78940450672178,232.26798148289274,819594.0
2024-01-19,231.9897123586399,234.93677810764302,226.49016474049787,229.4043879948702,381843.0
2024-01-22,229.73837335201958,230.90354205394158,229.69569455430118,230.86065476853847,754667.0
2024-01-23,230.9874837462481,237.85617073082253,228.61816374562545,235.4411677245448,291361.0
2024-01-24,235.6048637882552,237.76375430407236,233.51239205281414,235.6706978779349,287118.0
2024-01-25,236.17298663848524,237.66158213249392,234.10342371612666,235.58833415254892,597852.0
2024-01-26,235.2363695695551,240.32205323125558,231.2651183478857,236.332300545568,242342.0
2024-01-29,236.14746087563086,243.5133323688351,233.65582489513812,240.97080438975178,556324.0
2024-01-30,241.02475161708145,242.06760799990374,237.67405239096857,238.70687989791537,460711.0
2024-01-31,238.51602920069283,240.83928310703084,236.90294836842943,239.22143164711122,679248.0
2024-02-01,239.48711287646375,241.68789682237244,235.29372838508797,237.47603135355968,432018.0
2024-02-02,237.41296290681674,240.07148884903177,233.660698878575,236.30683855404558,452444.0
2024-02-05,235.97463982584458,240.66322599780514,231.5677855385652,236.25120678978823,542371.0
2024-02-06,236.27323176507957,241.49815118531626,234.136697985424,239.33394051822017,339402.0
2024-02-07,239.39173048908017,246.1354963665333,236.7991923081464,243.49848332630341,333540.0
2024-02-08,243.82128079636743,244.86247717782874,243.54845286348294,244.588790427103,534866.0
2024-02-09,244.72511935943265,245.69661969468257,242.80906201809557,243.77679774278604,437261.0
2024-02-12,243.93618564993983,249.7508572527039,243.83285595484793,249.64510929671255,375898.0
2024-02-13,249.75846661291556,252.82904400442223,245.6390262300294,248.6965481975415,428003.0
2024-02-14,248.63020969522518,248.66252333589287,247.38353460666772,247.41569040030575,837205.0
2024-02-15,247.16465499585155,249.69338034330792,240.86768280206425,243.35745695649882,370568.0
2024-02-16,243.4571054333884,247.5681674005149,242.54740540675834,246.64654971986045,366294.0
2024-02-19,246.5301205799407,251.14834812127887,244.3746438716423,248.97152557664398,223468.0
2024-02-20,249.5685515707212,255.39638285930883,248.96911882447276,254.7844222378198,434982.0
2024-02-21,255.2695764242653,258.84467656553227,247.99707830207706,251.51966013527817,575361.0
2024-02-22,251.74536571719912,257.120879750454,249.71987121004972,255.06864676693667,618146.0
2024-02-23,255.20550904437724,255.3143802184735,255.18838821423213,255.29725323353696,461985.0
2024-02-26,255.26542724856373,258.6274790903621,253.95765926589664,257.3092403075171,648446.0
2024-02-27,256.8497173207526,258.66190198061713,251.6052272285655,253.39302343396403,592729.0
2024-02-28,253.31539688856506,257.3985467312592,252.91516968189055,256.99250984753286,690506.0
2024-02-29,257.0294477321721,261.82234636888273,254.19840604293873,258.96993129264854,655872.0
2024-03-01,259.05416822234923,263.57729560237635,254.41404599014902,258.9350943207312,829013.0
2024-03-04,259.107474337836,260.6216252276796,259.0651488777057,260.57905938268857,413380.0
2024-03-05,260.91956216201237,261.120213975272,258.5623532181314,258.7613453240147,260192.0
2024-03-06,258.507615560735,259.49715274396766,256.42312238011704,257.4084520930228,576937.0
2024-03-07,257.1593578964615,260.02658913083474,253.48531053243556,256.3434446373078,604539.0
2024-03-08,256.87113066443635,258.14511789902696,250.7039228487932,251.95352052850603,829019.0
2024-03-11,252.228996674485,257.781871480672,248.546784385289,254.07274291634724,738603.0
2024-03-12,253.932059689561,258.65772888615055,252.30361849943648,257.0095520418715,963366.0
2024-03-13,256.97050046752906,260.1920989191735,252.1699377751052,255.37148968186654,566902.0
2024-03-14,255.3343145547834,258.2878884994943,253.32664385859889,256.2728382759014,484816.0
2024-03-15,256.2843072832489,256.9018682536904,255.0740985234356,255.69022795790613,254233.0
2024-03-18,255.86158893715418,259.8733172397542,252.54151836696454,256.5443866580715,500438.0
2024-03-19,257.46781230412006,259.2874376840575,253.2842313928193,255.08703086237708,354690.0
2024-03-20,255.15564693107274,255.79839235142524,252.3881361623422,253.02551571248185,481472.0
2024-03-21,253.26325487818335,256.0137406982392,252.8662138775464,255.61301597531207,452166.0
2024-03-22,255.0027395361703,256.31347000759786,254.20923219221916,255.51835818213019,534290.0
2024-03-25,255.3428055679541,262.5559984926789,253.3356597455728,260.5082492210405,425520.0
2024-03-26,260.96236698335906,260.9734758558542,260.67193971288793,260.6830366946089,643069.0
2024-03-27,260.8317279733037,261.59209870106656,257.71861128593486,258.4721032894256,148857.0
2024-03-28,256.8691433304016,265.7162544000243,252.77456374230414,261.5471065225937,477346.0
2024-03-29,261.7970918274638,263.64285198883687,261.3287606802313,263.17206114675355,715685.0
2024-04-01,263.88853171700583,265.8066063367366,263.13285740769476,265.0476128689791,934736.0
2024-04-02,264.29887047529803,270.71326117461706,261.7313841122472,268.1087642474009,592902.0
2024-04-03,268.68676655852295,273.3696701549553,261.8770177358075,266.5221953268418,868005.0
2024-04-04,265.47711652573014,267.2238348130819,264.5200999155088,266.26398163829117,473342.0
2024-04-05,266.6182119705186,267.8318990067082,264.68455778904456,265.89495243679085,442920.0
2024-04-08,265.89169304328055,268.3038140632272,260.34946489526567,262.7329301938586,546761.0
2024-04-09,261.8592827053399,262.24832902589515,261.7515337894603,262.1404644103788,441848.0
2024-04-10,262.3062789763274,270.04005771612657,257.85454818420686,265.533555208163,323533.0
2024-04-11,265.9670369024163,267.85741875550707,264.3027938361254,266.1917694638004,360016.0
2024-04-12,266.32909630070606,267.3614525813905,261.8697552338918,262.8887759972702,283549.0
2024-04-15,263.1067788561477,263.70260042309536,258.5258637903726,259.11264038381734,546533.0
2024-04-16,258.9614932845684,264.1630995634088,258.09510244866146,263.2822530390982,444434.0
2024-04-17,262.588558324923,265.2556554162027,260.45620012209224,263.11898982856036,383036.0
2024-04-18,263.3771374606177,266.6925512978028,258.2825291023528,261.5752607621992,352684.0
2024-04-19,262.22478376393536,264.2657304927563,258.92865481286333,260.9597555801527,541459.0
2024-04-22,261.37789471187415,262.5033526399795,256.29392466045175,257.4022640596867,604513.0
2024-04-23,256.67804127480105,263.9701317405318,253.70511669358126,260.9477540236917,281474.0
2024-04-24,260.3880582770564,265.80586081898383,254.63042723458426,260.0410088412353,264323.0
2024-04-25,259.72939441924257,266.90615765650386,256.35615054062356,263.4841487845851,648102.0
2024-04-26,262.88991733287037,264.0233864037262,262.5418109918303,263.6742414978828,255237.0
2024-04-29,263.69075680920486,272.0809721524319,258.99681210274605,267.32238110103947,550727.0
2024-04-30,267.47148550191207,275.6364758818733,259.885014679948,268.03404870727235,844723.0
2024-05-01,267.4912422036344,274.172469802539,263.625635326288,270.26675307404224,845509.0
2024-05-02,270.56460944230867,272.2235346084737,270.5142321014411,272.1728578223942,594306.0
2024-05-03,272.40484375896614,274.0149144476225,272.23522327519015,273.84439758545216,587437.0
2024-05-06,273.6317188565569,276.4544897317732,271.99453055955377,274.81025006837257,1088992.0
2024-05-07,274.74305977665637,276.1695712919279,272.8461464762654,274.2702028399278,173901.0
2024-05-08,273.51328065027803,282.26931189368617,270.6495968671065,279.3445744698783,367422.0
2024-05-09,279.2130516508264,280.3029038074885,275.94415338669006,277.02546674434507,621193.0
2024-05-10,277.02836644518413,277.1893412010214,276.94038573777664,277.1013373189868,386577.0
2024-05-13,277.1676215770865,277.8094077934822,276.56323043084615,277.2049352810556,726440.0
2024-05-14,277.35383640014913,280.40140168431344,275.2856350542836,278.3259513689979,435504.0
2024-05-15,278.42231896278855,280.79388426901284,274.9016943327704,277.2633880150595,466353.0
2024-05-16,277.1595246528908,279.7872794724296,275.53214159961954,278.15405687643084,396381.0
2024-05-17,278.2669110665433,280.5537242951996,275.4926179361609,277.7753918319208,358971.0
2024-05-20,278.17018174137644,279.59583675412085,272.31504133870374,273.71787776809737,355456.0
2024-05-21,273.68083097415933,276.5872671755138,270.9012504517903,273.8064112243318,493100.0
2024-05-22,273.929692500147,274.27342181596566,270.69683424515546,271.0369337025486,324543.0
2024-05-23,270.96542389604787,272.7436441786366,264.9432532441943,266.69343846967917,647764.0
2024-05-24,266.44907405596206,269.4382195275489,264.11740600054895,267.1008478674936,574520.0
2024-05-27,267.29887295260727,273.83187348629144,261.88685380936926,268.3976081735012,686778.0
2024-05-28,268.1864734005325,270.33415683704465,267.65511160933283,269.799598936573,281653.0
2024-05-29,269.9473038539047,274.4758085260871,266.8000650686665,271.312651540763,224181.0
2024-05-30,271.32351734838863,273.9797790369064,263.8565232947499,266.46522219395865,441673.0
2024-05-31,266.3504571851675,267.8747163253699,261.6158679563393,263.1216494118686,1410592.0
2024-06-03,262.99930031674,268.20437090019306,262.9331114538595,268.1368890636936,734161.0
2024-06-04,267.9438480573111,271.1910348011197,262.3403304763545,265.5586107495622,354414.0
2024-06-05,264.93986310133414,267.6754561922193,264.42680112375473,267.15809855201763,524292.0
2024-06-06,267.30312534599443,268.8847426547421,263.9205945803326,265.4914925614803,591866.0
2024-06-07,265.5786376578239,266.7650891268598,264.56760250128156,265.75338870801716,255926.0
2024-06-10,266.0736268134703,267.95898249575174,262.3572561329613,264.22954494245363,765168.0
2024-06-11,264.0305838686032,266.418012449847,263.31431910122234,265.6972263982033,413755.0
2024-06-12,266.4119693469746,267.7517887539015,264.7645996303781,266.1028645100806,426654.0
2024-06-13,265.95967980140944,266.2599728609515,264.7405810568597,265.0398355272005,446643.0
2024-06-14,264.71129680847014,269.3746285892092,257.85989307850673,262.4839870768687,699287.0
2024-06-17,262.11456064672706,265.06600810785596,260.2666066908887,263.2103287930157,327069.0
2024-06-18,262.56425625583967,266.33388455850445,256.53533881205203,260.2720580842719,223510.0
2024-06-19,260.83806053606025,261.9892335409831,260.23652822524883,261.3864365914334,503421.0
2024-06-20,261.8948841302203,269.29182026667104,260.64933771219114,268.0171569188956,195348.0
2024-06-21,268.24546434353056,272.1799038442821,267.59519634016624,271.52169376008345,392212.0
2024-06-24,271.177056627516,275.46915268173933,269.15942552158464,273.4347239167206,711229.0
2024-06-25,274.1375957463514,274.77703549971716,272.63989838799426,273.2773315317386,557734.0
2024-06-26,273.14113261968424,274.35446982700574,267.1869852589074,268.3791690517965,671281.0
2024-06-27,268.2768533620908,271.1622298220648,262.2572830778669,265.10858410638,567015.0
2024-06-28,265.6491934280195,270.28582235631995,263.7868388302296,268.40415389117334,1160236.0
2024-07-01,268.6549384414084,270.73154325022915,264.4110391168468,266.4707610299266,349656.0
2024-07-02,267.3033867624411,269.7000876042441,262.40357692987453,264.7776312937133,518789.0
2024-07-03,264.8709899837929,266.39356218542036,262.90514251045903,264.42515187684313,371295.0
2024-07-04,264.2763915865318,267.2214682370491,258.92785933469185,261.8458502110693,648697.0
2024-07-05,261.6188885002868,262.8390564676605,257.6810059097858,258.88843929720144,431650.0
2024-07-08,258.21158909621397,260.42357816854906,256.61713070924037,258.8253299276054,879877.0
2024-07-09,258.7231471264576,259.9721773282592,255.47461335307386,256.7139437824115,357780.0
2024-07-10,257.13075101647945,257.6749508977891,254.4425052634455,254.9821577922,776732.0
2024-07-11,255.19867027283775,261.03710042985745,247.37401059168485,253.16593589152654,560876.0
2024-07-12,253.17322309780053,255.20390982901822,252.45096755860746,254.47793220040015,436706.0
2024-07-15,254.1193236348335,254.33804903669315,253.7609761590765,253.9795812819985,549617.0
2024-07-16,254.06126466706309,255.04565163427378,252.62786918506126,253.61050965478807,491150.0
2024-07-17,253.9748362057262,259.3378473604545,249.76027175409885,255.10453619561133,510110.0
2024-07-18,255.2603217878828,258.06417060170264,252.02274697468758,254.82177871206432,407278.0
2024-07-19,254.88200655713945,256.23934044534604,252.8581616010051,254.21192708677643,334156.0
2024-07-22,253.92493616854523,257.58780360920605,251.75381639275204,255.40403716127358,386919.0
2024-07-23,255.7181510167049,258.4511791892799,254.35589140020585,257.0816559207472,225650.0
2024-07-24,255.94298476677056,259.2870981318715,253.44858046701177,256.7844925499616,619569.0
2024-07-25,256.9238700468516,260.6299147853932,253.33564874405297,257.04007061526465,269934.0
2024-07-26,257.9781982660007,259.68649577649353,253.5177934175766,255.20774535529586,405526.0
2024-07-29,254.66271486360432,256.40251428207904,251.46985541942573,253.19965956727307,573331.0
2024-07-30,253.11305248884534,257.89531252822263,250.34555537807145,255.1060245834345,618937.0
2024-07-31,255.10316415313108,259.4033960407913,251.9543654168849,256.240558180848,217540.0
2024-08-01,256.0726092480721,260.1318903523087,253.36016115953524,257.4053254724987,426454.0
2024-08-02,257.78371176725705,258.408037493792,257.52555842470144,258.14951782066123,531734.0
2024-08-05,258.3224420183931,261.73022571418466,254.91467886070618,258.3224622890888,451715.0
2024-08-06,258.3782312124668,263.2998423328376,255.18808668676795,260.0885804657826,757387.0
2024-08-07,260.3826538742447,262.8812337979155,259.96283976573,262.45807349707275,318468.0
2024-08-08,262.46430482397926,266.16385340801446,261.1019168108321,264.7893964130962,194928.0
2024-08-09,265.98550472331124,271.17840178903987,259.4332187504919,264.5990476921267,611781.0
2024-08-12,264.65581401106385,268.96631012975286,263.85229427389504,268.1521751141512,356884.0
2024-08-13,268.22640625067686,272.9045895387999,264.1248332032505,268.79433207698395,218947.0
2024-08-14,268.1434669785111,271.02422562223455,267.5923600724909,270.4683404762123,415233.0
2024-08-15,270.2600874659596,275.07155916256,266.45597217528524,271.2534613821318,723766.0
2024-08-16,271.6949475680896,273.61854756347947,270.0286670560247,271.950698553777,266919.0
2024-08-19,271.4364283906723,274.2174246713581,267.36196146869713,270.12956834193886,1126244.0
2024-08-20,269.3047604502159,272.74128474334753,268.5600025036058,271.98910329015655,316427.0
2024-08-21,272.0015614584019,279.8058448392308,271.67079497925033,279.4660012560455,458082.0
2024-08-22,280.0094889254042,282.52968305950515,276.0359640454855,278.5429588393263,271671.0
2024-08-23,278.5596913464965,281.34985298511555,276.00686130582704,278.79486769632746,449839.0
2024-08-26,278.66207815318523,282.62956430182436,273.7330083684117,277.686606112007,419367.0
2024-08-27,276.95609798447975,279.5138401126027,273.92020556431316,276.4734907227807,243824.0
2024-08-28,276.650769798654,283.46267172409637,273.83162567247143,280.6032507769173,1370013.0
2024-08-29,280.8663748981639,282.0247775475834,277.7393238532156,278.88957340103127,362894.0
2024-08-30,278.1861630320112,278.25355888638614,277.64049864405945,277.70777860076674,363021.0
2024-09-02,278.1547054481394,279.63140951334447,272.18420715035444,273.63692664078934,651879.0
2024-09-03,273.934058175514,275.48338752517,270.2114003072638,271.7483677243151,914106.0
2024-09-04,272.1848487424222,273.64544472722093,266.02389927742263,267.4591361843021,694241.0
2024-09-05,267.6804348671908,274.3273992967913,262.50431353627266,269.1233758973152,273629.0
2024-09-06,269.3728364447661,277.55079034591273,268.2536342551307,276.40238149122536,481935.0
2024-09-09,276.6064562596388,283.0584172496267,269.0841870228412,275.510586390955,208449.0
2024-09-10,275.84993325815105,276.4412176142988,270.68722583033946,271.2686902917868,634557.0
2024-09-11,270.57030171416864,275.8580918809525,268.386302207977,273.64923968778317,230021.0
2024-09-12,273.06765565887304,274.6733311398058,270.2409544335197,271.83940764672224,320847.0
2024-09-13,271.55597450413495,278.6388397237617,268.2243015550718,275.2617018513731,441847.0
2024-09-16,275.211057587565,278.2527699182478,271.5582537923169,274.5931366821559,528608.0
2024-09-17,274.7442408174622,276.5320947637059,271.2456676188548,273.0223164190995,398565.0
2024-09-18,273.14798828894277,273.62861252578904,272.1474477316642,272.62715552445565,812307.0
2024-09-19,273.0591612834407,279.9235566044665,267.8164352349174,274.6502811126083,590837.0
2024-09-20,275.097731662391,275.1321054119682,274.0903609235731,274.12461308096476,572570.0
2024-09-23,273.78587029870704,274.59154846076495,272.1015258897706,272.9046107420308,270557.0
2024-09-24,272.9969090000424,273.72702557587786,271.72720577531925,272.45587538381454,873049.0
2024-09-25,272.12866499731405,273.47946177414576,267.92731515608267,269.2638917238667,320864.0
2024-09-26,269.19205763599894,270.91047155396876,268.62298708247744,270.3389764203419,886483.0
2024-09-27,270.46230517556404,271.84657227384093,264.51434944745824,265.87513873215295,993389.0
2024-09-30,264.59368894070667,269.66846630150036,259.75287601947383,264.8234498425829,543108.0
2024-10-01,265.73006336235545,267.1290483583155,265.39507471025763,266.792720083827,668509.0
2024-10-02,267.0069896351218,270.030281317628,264.6024005955055,267.62017014863187,128905.0
2024-10-03,267.39430576790494,270.65089655907417,265.93304291201866,269.17987587656233,409216.0
2024-10-04,269.9162240461083,271.1382153120751,267.8590135403241,269.07720632276676,687534.0
2024-10-07,268.9447352631617,275.775796052522,265.3428816989844,272.1312667329682,640372.0
2024-10-08,272.1823855614741,274.6822125998637,272.0844994227629,274.5834629512161,271607.0
2024-10-09,274.3939499816512,277.25171273401963,272.95738224394927,275.80774319421135,393372.0
2024-10-10,276.4542977024614,282.0990912551524,272.68096004848275,278.3005539630246,160404.0
2024-10-11,278.2591454109706,280.99669925227755,277.6135898220892,280.34630150347937,521882.0
2024-10-14,280.40570583190936,280.5644316980522,279.09158983318207,279.2496613111864,208286.0
2024-10-15,279.7265240102177,282.97557803986206,272.5869423596162,275.79027644526224,695364.0
2024-10-16,276.01909997873605,278.3668225282018,274.60951112673894,276.95246710787603,710049.0
2024-10-17,276.9311339647956,279.0859346487709,276.29882794410616,278.4501602947083,365950.0
2024-10-18,278.88873889798504,284.2151015981463,276.0984971410341,281.3997376594125,544983.0
2024-10-21,282.414026754386,282.65962460969985,278.7434784899053,278.9860952871386,405615.0
2024-10-22,279.1116357486183,282.0360463916609,273.7724445594999,276.6712862794076,487362.0
2024-10-23,276.7170769165723,284.64235243295377,270.0452433073904,277.94100900340493,279595.0
2024-10-24,278.00823470780756,280.8416233642721,274.98746873107945,277.81892802233733,567501.0
2024-10-25,278.3354170780194,278.50557974701024,272.8091266179219,272.97601277057595,229470.0
2024-10-28,272.7442773127043,274.9067752278116,271.8507956561646,274.0091499810263,212783.0
2024-10-29,273.9010806995366,274.5937074463437,268.63643780072323,269.3174737617114,421354.0
2024-10-30,268.73123749117576,269.21304827371756,266.50624186566483,266.9849216620062,406566.0
2024-10-31,266.5373032965073,270.95203327318876,266.0719767679878,270.4798238079826,493324.0
2024-11-01,270.2813881052048,275.85946878198405,269.6813911339768,275.24844545268786,341191.0
2024-11-04,275.2266237300662,278.12877393331587,269.298335215857,272.16823599326375,940603.0
2024-11-05,272.8515378058986,278.3952430742422,265.87178004488203,271.385702976907,471768.0
2024-11-06,271.59195259308854,272.15651588598627,270.9938331768745,271.55832657072796,485606.0
2024-11-07,271.2074964216958,277.7900782690433,269.6777592972821,276.2320005911376,478731.0
2024-11-08,275.94712716589726,276.8197195207503,274.1430013794729,275.0126387208739,660772.0
2024-11-11,275.54902961715635,276.4727255183183,272.92205107791983,273.8400180276773,557048.0
2024-11-12,274.27764057508875,279.13780380333645,273.0972762992638,277.94167123198486,527977.0
2024-11-13,277.9527609777595,282.0232863712443,272.96675969682633,277.0236789948335,593857.0
2024-11-14,276.8499780435595,279.4090570672723,276.4297953252348,278.9856330075016,213236.0
2024-11-15,279.4308143501701,280.5054663763981,274.12452023893894,275.1828351282307,216482.0
2024-11-18,274.7956753819523,277.84402995300263,271.7537240524602,274.80200851655843,429156.0
2024-11-19,274.9547449191904,278.0638653247928,267.52957372037616,270.5893311037972,408779.0
2024-11-20,271.4623564503042,272.9427840719638,266.50528065565976,267.96664431252583,557894.0
2024-11-21,268.0446511938173,272.4565045975576,265.76909565953116,270.1629657075374,445970.0
2024-11-22,269.8661325048215,273.78017311835976,266.18768683208765,270.09855932145285,558353.0
2024-11-25,270.25570594529773,272.47589376148045,267.1354219656672,269.34815411869965,268810.0
2024-11-26,269.16878093527225,270.5989376840572,266.09024348384133,267.5115952169375,440516.0
2024-11-27,266.9835213021804,269.464442765154,264.5360395101614,267.0166572108179,258740.0
2024-11-28,267.28210353792645,268.2097193335849,266.913058656659,267.83990427913506,516455.0
2024-11-29,268.2646011771065,273.91997251009747,264.77457499324976,270.4021377426632,208707.0
2024-12-02,270.2830062113928,273.76696561018036,260.4378467252924,263.8387392499793,508553.0
2024-12-03,263.697707314086,265.8399892792279,259.7071433759001,261.8342869009501,245831.0
2024-12-04,261.47767841514843,265.4136027581761,258.36308865683156,262.28934484022875,379492.0
2024-12-05,262.23361067338567,263.2050034992001,261.134617204619,262.10553560152385,632839.0
2024-12-06,261.89669916965994,263.45216820042043,261.6137204341892,263.1678160263311,484538.0
2024-12-09,262.7909655357944,264.8358759280512,261.85449231859764,263.89546674676865,229059.0
2024-12-10,264.6041571608584,265.78324852224296,262.0248782565265,263.1977023743927,338082.0
2024-12-11,263.3717839809065,265.6953445808259,259.64071316458046,261.9517456758561,242668.0
2024-12-12,262.1643517363411,264.58094992134795,258.99611239323593,261.40571758356396,224605.0
2024-12-13,261.7332289913726,266.1058373739948,259.9651094168012,264.32024142722145,463733.0
2024-12-16,264.6092593511557,266.182823829624,260.99812252561924,262.5594975882396,553557.0
2024-12-17,262.40580656606465,269.28543976857947,255.5868084028295,262.4649058247839,527678.0
2024-12-18,262.5663174502838,264.5934204521644,260.9567435574225,262.98130263317125,563009.0
2024-12-19,262.8810430685161,269.56353733620614,260.30697793284173,266.9496335842676,440311.0
2024-12-20,267.1155846717818,268.2946379772266,265.08000902293463,266.2552648602581,396584.0
2024-12-23,266.3842438632971,272.277992058128,262.87837963472293,268.741109290051,288016.0
2024-12-24,268.59539171088136,271.9943029506845,268.55284879731005,271.9512285050055,371004.0
2024-12-25,271.43932654012065,274.40869146989587,268.88532604120707,271.8508191943404,260787.0
2024-12-26,271.9071719737801,272.302321474376,270.9789591197171,271.37333281776847,315506.0
2024-12-27,271.29477488473555,275.3641414992625,266.53509479851505,270.59394916941415,458434.0
2024-12-30,269.8699034708186,272.71331934580115,267.16149752845683,270.0035719111373,422049.0
2024-12-31,270.1979209835022,272.2764069559486,270.1769470675093,272.2552733394838,1507391.0
2025-01-01,272.6280398984576,274.6497748539594,270.893913110446,272.9138302168117,258250.0
2025-01-02,273.89360103665564,274.38639642514414,273.0928033128498,273.58504353790295,420820.0
2025-01-03,273.43339079227997,276.410382109193,267.80688511662794,270.7547124675364,250323.0
2025-01-06,270.54805597906795,271.6525386361483,267.2578060657722,268.3533289915175,378846.0
2025-01-07,267.93168664725886,279.26364762621876,262.6926256229254,273.9077326746272,385063.0
2025-01-08,273.98874522415935,279.4830090735404,268.02693464024316,273.5116309740899,620296.0
2025-01-09,273.59007416077225,274.31928194802504,270.8560467428106,271.5798967442212,369584.0
2025-01-10,271.2677852909367,276.7792151509291,269.85133604155845,275.341494660029,409820.0
2025-01-13,275.2732350067167,279.24943468948914,272.1735932359875,276.140032573032,372455.0
2025-01-14,275.36668417265423,280.8328894961585,272.2776314540098,277.71746580093213,252604.0
2025-01-15,278.08235267079596,281.5298049051776,273.98086764824,277.4201099035062,340837.0
2025-01-16,277.11723960701005,280.4071873407803,273.36608797057414,276.65049448628685,379734.0
2025-01-17,276.636905537221,277.3531040228031,275.55668103983663,276.27193463483354,455673.0
2025-01-20,275.71383640446453,276.30393939405445,272.165563740238,272.74932185820575,553258.0
2025-01-21,272.52428509713616,272.6149983033204,272.49564134145766,272.5863480244973,402786.0
2025-01-22,272.4783480318673,279.57801887869454,266.33505863797785,273.4136423643265,399964.0
2025-01-23,273.4092668866335,278.8023802441743,272.91695396143507,278.30125858045636,222276.0
2025-01-24,278.4905557989294,280.57480302779555,276.5089220370613,278.59244426602305,549022.0
2025-01-27,279.1612684141539,281.5829816782013,270.21403511163624,272.578644365296,334918.0
2025-01-28,272.8618698208002,275.42735998595356,269.8390298054519,272.4001790817475,596509.0
2025-01-29,272.77191553511165,281.13235447759075,271.28554972044674,279.6087340456563,749061.0
2025-01-30,280.1824245946525,283.0265027708674,279.1354576841184,281.97284553532984,410378.0
2025-01-31,282.200626337136,286.19336923558615,275.92582676253835,279.8858183763199,293806.0
2025-02-03,279.87125697907123,283.0902725646038,278.3092807973586,281.51909968621163,439468.0
2025-02-04,281.9220393889688,283.598700680292,277.95439546762503,279.6173501925066,508632.0
2025-02-05,280.04292913754324,283.33790433649375,272.8786489318746,276.12755598884655,389957.0
2025-02-06,276.3815045140795,281.9133359865581,269.77439971845143,275.2842698175094,353057.0
2025-02-07,274.7172896840335,279.9942037434648,270.323682479486,275.58669201779435,554273.0
2025-02-10,275.2582073616956,276.268614445064,269.82339817114723,270.81750449577027,539842.0
2025-02-11,270.7120229186479,272.6107322006733,266.07582024330384,267.95519378616865,385187.0
2025-02-12,268.2514503213062,268.6887108385894,267.6069250566933,268.0438471725993,228290.0
2025-02-13,268.0357374396809,268.0696803213825,267.0404628684602,267.0742839958733,531018.0
2025-02-14,267.5049836808784,268.7280798579588,266.91329805194744,268.13500071470975,325484.0
2025-02-17,268.6353168551738,271.2437519532904,262.5624053071398,265.13687067291636,482018.0
2025-02-18,265.58789755598536,269.77294570958463,262.82382177661736,266.9942336475989,469988.0
2025-02-19,267.4508348477744,270.081928749794,261.487986410631,264.0859779502319,207819.0
2025-02-20,263.698109308267,270.876155674516,261.1460339642542,268.2797392285303,456997.0
2025-02-21,268.46332454332173,269.3773819382903,263.1279450962686,264.0268974522276,543515.0
2025-02-24,263.7996439982444,266.8621168412311,258.341783843856,261.376121808501,570838.0
2025-02-25,260.7659124891198,262.5906143901312,260.64623203630543,262.4701517640405,463678.0
2025-02-26,262.36322955194333,267.10946162318464,261.9529628940288,266.69242524889995,200612.0
2025-02-27,267.19364753307354,269.5382823534936,265.20789927632654,267.5498865747619,737361.0
2025-02-28,267.72466452642794,271.2606322413585,265.51424535113154,269.0393585381156,521471.0
2025-03-03,269.8099059839618,269.96160043721505,268.99536285022697,269.1466844223148,273395.0
2025-03-04,269.21430259401916,271.91750326725327,263.9340554572098,266.611117355417,322834.0
2025-03-05,267.53771356139873,268.03079837065025,264.95185278716923,265.44107338824574,485284.0
2025-03-06,265.5078701329805,265.56857059654584,262.4198988833459,262.47990709338194,580656.0
2025-03-07,262.4882705779253,263.8841290954927,258.0086244516295,259.38799634989596,363966.0
2025-03-10,258.918057449702,260.4525989564181,258.90081776640716,260.4352582525085,615512.0
2025-03-11,260.84552562191925,262.6010038166711,256.0113298121724,257.7459479943742,215970.0
2025-03-12,257.5625766297589,259.59072284415134,256.5614970472175,258.5856667729954,291564.0
2025-03-13,258.3486255811741,259.6141547471766,254.23233025023896,255.48382610258736,193737.0
2025-03-14,255.94819951115957,258.2280718367771,253.9825846736286,256.26006197754884,308982.0
2025-03-17,256.68109073334244,258.5220982976702,253.3090072422906,255.13895405696076,808738.0
2025-03-18,255.54866127795896,260.03008962773197,254.14835810871267,258.61299514989093,1007639.0
2025-03-19,258.48026825399836,261.55383098434226,256.40011770112767,259.46574965326795,485938.0
2025-03-20,259.44700354146653,262.7257997711357,259.2975168800164,262.5745111206077,342706.0
2025-03-21,262.55223639019664,266.3255483647371,257.01948618301316,260.7671434046919,404879.0
2025-03-24,261.0565246740666,263.90332388564104,258.12053569751765,260.9663515791568,534633.0
2025-03-25,261.54162503746335,265.1897539311347,255.01119744948303,258.618553709086,236761.0
2025-03-26,258.7535357466343,260.26018142528727,256.1695217171594,257.66985745609,351864.0
2025-03-27,258.3921231424465,261.77275609434804,253.72879021878694,257.09241869066017,785407.0
2025-03-28,257.4195591401307,260.78290441603434,252.05777392056794,255.39466267552515,291186.0
2025-03-31,255.3096822751864,256.8091422443384,251.05382059464503,252.53699629444185,327876.0
2025-04-01,252.83379749834634,252.8437808649147,249.23467511433853,249.24451675497576,444754.0
2025-04-02,249.847904992005,250.98035540970747,242.74612413957536,243.8513950209045,495467.0
2025-04-03,244.54303638613504,245.4371964694845,240.6028016728512,241.48578305352686,344551.0
2025-04-04,241.8923669069408,244.3497250004072,240.52727987451917,242.97850847416257,456245.0
2025-04-07,242.98735065153102,246.77662243614898,235.65864629927864,239.3918479347314,564207.0
2025-04-08,239.31833389228305,240.98156656068687,234.72936004317597,236.37211686954663,969544.0
2025-04-09,236.56519393538966,243.46628256470282,233.60978708459632,240.46219056982997,420627.0
2025-04-10,241.03339714350744,242.84644343992701,237.27772107881077,239.07604422273008,435165.0
2025-04-11,239.22307574503918,240.3473181646108,238.7353718968855,239.85831924615906,815031.0
2025-04-14,240.01289496591468,246.02477972516684,235.38914241227218,241.3747907924063,355164.0
2025-04-15,241.3923754925208,244.15521446394462,240.19213013485182,242.947238056072,260474.0
2025-04-16,242.834356528062,244.77552559282847,237.61862895781948,239.5334109265517,488991.0
2025-04-17,239.47837149997625,241.92723029189784,236.62208486345196,239.06673433456817,680423.0
2025-04-18,239.11262719023517,240.29053438775696,234.33383090819916,235.49391173229276,511150.0
2025-04-21,236.06808010696378,242.74928041666993,234.41089601507244,241.0570738807753,425574.0
2025-04-22,240.9751856761489,242.66327836175049,235.84311086482688,237.50690737564062,247866.0
2025-04-23,237.524619070576,238.81490458643495,233.94397323931582,235.22174906322363,432204.0
2025-04-24,234.93341291930307,238.0648433363697,229.8691932483814,232.9745134700391,724518.0
2025-04-25,233.211272675482,235.69793789770483,227.30667966748902,229.75650771724568,270048.0
2025-04-28,230.20199708949085,238.3447946025771,224.6847433497413,232.7660872855259,401154.0
2025-04-29,233.3026508436942,239.55122065282993,231.99011883501828,238.21107445682662,378892.0
2025-04-30,238.27974681865805,238.86925911550279,236.6110790408147,237.19791484812026,334676.0
2025-05-01,237.39108933353634,237.7548146098901,233.95243673921286,234.31144345156056,488536.0
2025-05-02,234.26045413149805,238.0045556727937,225.79683093282014,229.46427687848006,528249.0
2025-05-05,229.63607133298547,232.01879631955532,226.61297049322988,228.9889812132302,526039.0
2025-05-06,229.09090485088709,230.12554517501485,227.3273687441037,228.35870223090166,299322.0
2025-05-07,228.37756132945344,229.82841652074634,225.56840653907437,227.0105774460968,229030.0
2025-05-08,227.05490502255304,227.79232858726775,226.80209158896432,227.53897616647683,491371.0
2025-05-09,227.68477058637842,229.70292207354512,226.42948625560007,228.44345492212304,361361.0
2025-05-12,228.34823169739474,234.11063424477325,223.45111594555638,229.1953513155715,922945.0
2025-05-13,229.11658882920995,229.1599246637232,228.52179232824525,228.56502383801578,940159.0
2025-05-14,229.11881144033572,231.53362393024548,223.86630613679947,226.2508920048561,980949.0
2025-05-15,227.12178333039293,229.5179188964699,225.3405794769261,227.7319299646186,303749.0
2025-05-16,227.34351640842965,231.41748835540142,223.7454062662427,227.8119642046979,555569.0
2025-05-19,227.40565240028653,230.55081733735955,226.64863316082923,229.7858744869683,626799.0
2025-05-20,229.47434991649732,235.05764143864664,226.0099639118171,231.56174196931687,599195.0
2025-05-21,231.5278443748683,231.5599453394469,228.49324100948917,228.52492562419548,383940.0
2025-05-22,228.81525645948457,230.5026770600857,223.83840200821174,225.50138413158726,737976.0
2025-05-23,225.69043851935416,229.85806724184545,219.8139456284098,223.94942456281464,442497.0
2025-05-26,224.0040370814738,227.67857594989792,218.13904461052283,221.77705225200162,465675.0
2025-05-27,221.94337988748458,224.55234110152355,220.81602276395444,223.41749623241068,239155.0
2025-05-28,223.19844454669627,227.68212022788876,219.7446611199603,224.21264304498916,572579.0
2025-05-29,224.13507631110312,228.5295360212429,222.23285857465203,226.606344812667,398648.0
2025-05-30,226.59989085104462,229.07629140505304,225.0398053062181,227.50994038885457,532805.0
2025-06-02,226.99965913042442,230.36085762176103,224.6613127691429,228.01208218854566,486040.0
2025-06-03,227.63708244156302,232.26388459795655,226.05957451473046,230.6653907216229,475620.0
2025-06-04,230.29900005893998,232.92994948659333,229.1219412337136,231.74549760839747,434397.0
2025-06-05,231.99661895019744,232.75254591856867,231.19297043076932,231.94874139715358,606003.0
2025-06-06,232.02941744346063,236.5898971924986,230.72880061351412,235.27110939459638,408580.0
2025-06-09,235.474965461572,237.29290147025213,233.76506664425605,235.5822237977327,247192.0
2025-06-10,234.96875134429737,235.16799874921466,234.76125249263202,234.96049289459825,555477.0
2025-06-11,234.46694689430856,235.6380995671037,231.99744505478606,233.16207997143428,320103.0
2025-06-12,233.38135992757535,236.42493532485466,231.73706500124428,234.77085070224416,260484.0
2025-06-13,233.8480489577278,238.03685281471644,233.40486008412844,237.58657867877102,293932.0
2025-06-16,237.999327446512,238.32014874658756,237.20822121235355,237.52840771618096,495505.0
2025-06-17,236.91535338390588,243.82319310717347,233.67985878193616,240.53822188283837,425658.0
2025-06-18,240.82591611233298,242.18939143797985,234.82005435395175,236.15709639289042,188514.0
2025-06-19,235.85985548097258,236.1825022169999,235.76586438529657,236.08842003743402,379473.0
2025-06-20,236.4396693038556,237.3637470406751,235.1314477357545,236.05401823154654,706227.0
2025-06-23,237.1298331487663,239.99288119238307,231.66146799395293,234.49267563793782,369343.0
2025-06-24,233.73837329127323,243.12711515333285,230.58483133428712,239.8905692470974,414078.0
2025-06-25,240.12712301824632,243.85742175130483,236.0713100610305,239.79647223905434,671451.0
2025-06-26,239.18270153646364,239.23304057374943,238.87979787063617,238.9300837412986,608161.0
2025-06-27,239.07465342323172,239.79194068454476,238.3272315305527,239.04442810791687,665771.0
2025-06-30,238.97438114553302,239.86642854243166,233.74200161718306,234.61778664837584,145944.0
2025-07-01,234.66094836085784,238.35741171517452,229.32336067969783,232.99355871476476,885059.0
2025-07-02,232.6926803127978,235.53346557239757,232.38571456231,235.22316163740885,570666.0
2025-07-03,235.4835360883355,236.22838041698634,233.14411750194373,233.88390212107845,1184215.0
2025-07-04,233.40426503346478,234.89565523569638,230.6302126250043,232.11335425609238,323537.0
2025-07-07,232.52219984538618,235.497977809711,232.08709550705646,235.0581281463921,218517.0
2025-07-08,234.9218203858327,243.04243322475213,230.05481485313058,238.1093890653545,443693.0
2025-07-09,237.6364675916787,242.81763003386683,234.1747386432969,239.3312131666796,396270.0
2025-07-10,239.87285980585577,244.5239376818389,233.73801447022024,238.359753575159,574621.0
2025-07-11,238.3370034039398,240.79747419152156,235.42074005520723,237.87645638811955,680084.0
2025-07-14,238.52050176957903,241.73679567639618,232.94677423527168,236.13084517641943,427232.0
2025-07-15,236.5399675642451,238.62773792314977,231.91107948557183,233.97622147793925,401803.0
2025-07-16,233.71168198072093,234.11461173994934,231.33301254317632,231.73253015303058,545298.0
2025-07-17,231.70461693514892,233.07344967170908,229.07551453586203,230.43685777886722,399300.0
2025-07-18,230.47639380070865,232.26261098477255,226.47906952677678,228.2480165441105,386160.0
2025-07-21,228.74232714100873,232.1837597686667,221.56832273379354,224.95274096594727,669880.0
2025-07-22,225.09228261227574,225.63348727299942,224.93121429016236,225.47214713285547,732275.0
2025-07-23,225.52849319152472,227.00945470173863,224.54639978277024,226.02519832532053,682547.0
2025-07-24,225.96117384922306,230.32147786356987,225.38979745597138,229.7405447695433,413622.0
2025-07-25,229.72408264293375,231.15395922487522,226.92617932877357,228.34748754000773,187979.0
2025-07-28,228.77011217672555,232.4575358458062,225.35727637193176,229.04066389924168,416948.0
2025-07-29,229.0418667875739,230.05704896188163,228.75773221953622,229.77200862696802,326703.0
2025-07-30,229.6434053904575,233.39675452378228,225.52766979230466,229.27499757636673,420042.0
2025-07-31,229.09162487900088,232.28172682547452,227.7676958600034,230.9470750907083,338258.0
2025-08-01,230.76587854556018,234.37936571491636,229.09974222846967,232.6992702537768,438758.0
2025-08-04,232.23728984763588,234.55377096554125,231.16395968051404,233.47472176420797,291936.0
2025-08-05,233.22654008365382,235.58146379251562,230.61344407415118,232.96573438839613,265060.0
2025-08-06,233.4610353804767,233.93269946706593,231.76497458058307,232.23415999634628,721492.0
2025-08-07,232.16616553662357,232.1823246663493,229.2895566567597,229.30551668083257,300180.0
2025-08-08,229.53457185801958,231.38505852389898,225.78395593817018,227.61899943486648,442472.0
2025-08-11,226.82070712566954,227.5879973556416,225.57221525074618,226.33787214411183,648104.0
2025-08-12,226.52026200819597,226.83338238892657,223.68934348819323,223.99897868314986,637763.0
2025-08-13,223.9477568785587,225.1388144646698,223.79415510238144,224.98450160375808,608006.0
2025-08-14,224.83102970261527,227.7433893592278,224.68534005561042,227.59590808161227,499392.0
2025-08-15,227.65429087619637,227.8479147211619,225.51205039985888,225.70401550246052,591018.0
2025-08-18,225.54545406239194,227.14856906501421,224.76181107896278,226.3620887376185,766228.0
2025-08-19,225.68169335065883,225.97988837771186,223.9169896293066,224.2132443829899,524399.0
2025-08-20,224.50651940967967,225.87251078244824,222.25968960036013,223.62028877604234,212165.0
2025-08-21,223.69732693713294,229.31313424050248,216.63948763699284,222.21816123993347,358107.0
2025-08-22,222.1193024645404,226.5145492943661,219.16135138922863,223.53770936886735,584521.0
2025-08-25,223.231797613479,224.46520610792643,220.9328378566717,222.1603262181692,344263.0
2025-08-26,221.69797534786989,225.41861170880617,220.63852202582123,224.34650157334409,845804.0
2025-08-27,224.41770655971044,228.7446707983547,219.5618303684083,223.87839624553854,431373.0
2025-08-28,224.39095562846276,227.19003083280901,219.78404106954324,222.56028024622842,457760.0
2025-08-29,222.62437824758965,223.52034952023345,219.1060354649925,219.99141012725528,693771.0
